,avg.exp,pct.exp,features.plot,id,avg.exp.scaled,OG
AAEL004533,14.9561940588774,86.820356676816,AAEL004533,0,0.570339581681199,OG0001683
AAEL005437,14.372186451447,78.5123966942149,AAEL005437,0,0.511707985257449,OG0000180
AAEL008894,8.12746064832554,73.2927359721618,AAEL008894,0,0.590919312428311,OG0023874
AAEL010626,2.08269504051733,25.3588516746411,AAEL010626,0,1.56323749827002,OG0000004
AAEL017005,7.92030838824997,44.8020878642888,AAEL017005,0,2.14766425828356,OG0000004
AAEL019491,1.91828380243146,26.9682470639408,AAEL019491,0,1.9290841876358,OG0000303
AAEL019766,12.7556401842767,69.1170073945194,AAEL019766,0,0.880179702108735,OG0000006
AAEL024147,3.04740286524304,41.8007829491083,AAEL024147,0,0.658653547093164,OG0000188
AAEL0045331,15.1032549176545,96.8483816013629,AAEL004533,1,0.59061401737773,OG0001683
AAEL0047771,3.51329567357578,55.366269165247,AAEL004777,1,0.506528049810068,OG0000149
AAEL0058031,1.48573808015559,33.7308347529813,AAEL005803,1,1.5588711704806,OG0000596
AAEL0086551,1.23828407647409,26.0647359454855,AAEL008655,1,1.95292833764062,OG0000303
AAEL0098221,0.899668997037576,29.1311754684838,AAEL009822,1,0.664029437357303,OG0000067
AAEL0106261,1.68510362266868,36.2862010221465,AAEL010626,1,1.00927658528788,OG0000004
AAEL0114751,1.21727758650252,32.1124361158433,AAEL011475,1,0.633788692826941,OG0000303
AAEL0129201,1.56163125489993,30.4940374787053,AAEL012920,1,1.12423937005509,OG0000004
AAEL0170051,7.23378758905841,62.9471890971039,AAEL017005,1,1.82813651017268,OG0000004
AAEL0171811,1.73979355981553,46.0817717206133,AAEL017181,1,0.732840302531375,OG0000499
AAEL0173351,2.3487866235444,43.4412265758092,AAEL017335,1,1.39851671874862,OG0000596
AAEL0194911,2.09767222037272,45.2299829642249,AAEL019491,1,2.30555956731397,OG0000303
AAEL0196071,1.31924585298509,34.2419080068143,AAEL019607,1,1.08125255647087,OG0000596
AAEL0196081,4.76258704053594,63.3730834752981,AAEL019608,1,0.590467443988274,OG0001884
AAEL0197561,0.892639451673603,27.5979557069847,AAEL019756,1,0.50736037364602,OG0000195
AAEL0197661,11.7867528641225,83.3901192504259,AAEL019766,1,0.714418876837123,OG0000006
AAEL0198811,1.33599845815205,32.4531516183986,AAEL019881,1,0.523215160484432,OG0004091
AAEL0208931,0.921578606082367,28.7052810902896,AAEL020893,1,0.94141452939345,OG0000149
AAEL0241471,3.19705427955943,67.3764906303237,AAEL024147,1,0.763165311025788,OG0000188
AAEL0019402,1.97323726058983,27.1929824561404,AAEL001940,2,1.34545463617476,OG0003892
AAEL0033782,9.50017671791333,47.953216374269,AAEL003378,2,0.853925093578775,OG0000291
AAEL0058742,2.92702082687344,38.3040935672515,AAEL005874,2,1.27021734169247,OG0004946
AAEL0100432,7.91562355185797,44.1520467836257,AAEL010043,2,1.76889020871435,OG0000081
AAEL0135052,11.5746683833635,53.2163742690059,AAEL013505,2,0.731403604051791,OG0000004
AAEL0194372,30.8285474698508,73.0994152046784,AAEL019437,2,2.5,OG0000006
AAEL0194632,2.14246090826587,25.1461988304094,AAEL019463,2,2.5,OG0000777
AAEL0197042,2.46674640875813,31.5789473684211,AAEL019704,2,1.14118597887404,OG0000195
AAEL0197142,2.80718712809411,35.672514619883,AAEL019714,2,0.787976613107246,OG0003786
AAEL0197902,2.03144582989696,25.7309941520468,AAEL019790,2,1.18613588583793,OG0000195
AAEL0241472,5.5996991719993,54.9707602339181,AAEL024147,2,2.44109569985403,OG0000188
AAEL0260432,21.5184110408361,79.2397660818713,AAEL026043,2,2.5,OG0000006
AAEL0272422,19.6369703415478,75.7309941520468,AAEL027242,2,2.5,OG0000006
AAEL0002463,1.69217658073454,28.9473684210526,AAEL000246,3,1.96640752299005,OG0001936
AAEL0043993,3.3717632691521,43.421052631579,AAEL004399,3,2.5,OG0000149
AAEL0045333,23.6280013847945,89.1447368421053,AAEL004533,3,1.76587183590593,OG0001683
AAEL0054373,20.8351087861906,82.8947368421053,AAEL005437,3,1.94466666252842,OG0000180
AAEL0058343,12.8480474441813,85.5263157894737,AAEL005834,3,0.869783756834502,OG0000006
AAEL0059523,11.8605506879096,83.2236842105263,AAEL005952,3,1.04216757949659,OG0000006
AAEL0064903,2.90401614686425,38.8157894736842,AAEL006490,3,2.5,OG0000081
AAEL0083603,1.49155762334952,25.3289473684211,AAEL008360,3,2.07435811823603,OG0000006
AAEL0088943,9.76692818026185,80.9210526315789,AAEL008894,3,1.47362760848047,OG0023874
AAEL0100433,7.70085576243869,62.5,AAEL010043,3,1.69862138317262,OG0000081
AAEL0141523,1.3615725696724,25.9868421052632,AAEL014152,3,0.648632699476465,OG0003317
AAEL0170053,4.94074352303326,45.7236842105263,AAEL017005,3,0.760883766193389,OG0000004
AAEL0171603,2.50006664796886,32.2368421052632,AAEL017160,3,1.86448640197913,OG0000248
AAEL0194373,16.8706243275791,89.8026315789474,AAEL019437,3,1.59212041341108,OG0000006
AAEL0197563,2.20168659230974,32.2368421052632,AAEL019756,3,2.5,OG0000195
AAEL0197663,22.2389928885806,91.1184210526316,AAEL019766,3,2.5,OG0000006
AAEL0197903,3.12873190309151,42.1052631578947,AAEL019790,3,2.5,OG0000195
AAEL0198813,2.59923777477569,32.5657894736842,AAEL019881,3,2.38063236750998,OG0004091
AAEL0038374,17.6890891611916,54.5454545454545,AAEL003837,4,2.5,OG0000632
AAEL0170054,6.13841110575763,26.9360269360269,AAEL017005,4,1.31831483913973,OG0000004
AAEL0002665,4.08286616443188,43.9862542955326,AAEL000266,5,1.4735216811867,OG0000006
AAEL0045335,16.1454549661648,86.2542955326461,AAEL004533,5,0.734296150354189,OG0001683
AAEL0049825,3.8890404868373,45.7044673539519,AAEL004982,5,0.536154567172261,OG0000961
AAEL0058345,10.7781262740208,77.319587628866,AAEL005834,5,0.547223757208331,OG0000006
AAEL0060775,10.512658005352,63.9175257731959,AAEL006077,5,1.780830030544,OG0000004
AAEL0088945,8.37236346945805,69.0721649484536,AAEL008894,5,0.722777826079341,OG0023874
AAEL0104085,3.27331140598229,38.8316151202749,AAEL010408,5,1.07824338743499,OG0000127
AAEL0197105,58.4738246444877,98.9690721649485,AAEL019710,5,1.43264468757975,OG0000615
AAEL0198045,9.72712688271277,76.6323024054983,AAEL019804,5,2.5,OG0000006
AAEL0211005,41.6489384345734,98.9690721649485,AAEL021100,5,1.56314588547765,OG0000006
AAEL0002666,3.19228977347202,38.4892086330935,AAEL000266,6,0.781282366932912,OG0000006
AAEL0045336,16.7060502261893,86.6906474820144,AAEL004533,6,0.811582198087486,OG0001683
AAEL0049826,3.96964494615153,46.7625899280576,AAEL004982,6,0.584412247948396,OG0000961
AAEL0058346,10.7414711877688,74.1007194244604,AAEL005834,6,0.541511721031208,OG0000006
AAEL0060776,20.4339465748355,92.0863309352518,AAEL006077,6,2.5,OG0000004
AAEL0061136,2.28519342023368,25.5395683453237,AAEL006113,6,1.72055778875334,OG0002608
AAEL0071046,6.25739530663513,56.1151079136691,AAEL007104,6,0.644412287455176,OG0001295
AAEL0071696,2.41280537552231,26.6187050359712,AAEL007169,6,2.5,OG0000004
AAEL0081386,4.98532142940608,48.9208633093525,AAEL008138,6,1.42985388977025,OG0000777
AAEL0127966,3.19247597406059,26.2589928057554,AAEL012796,6,0.551310616206397,OG0000596
AAEL0197046,2.26977122202647,25.8992805755396,AAEL019704,6,0.882835392943012,OG0000195
AAEL0198046,5.53624029181008,52.158273381295,AAEL019804,6,2.22920628868574,OG0000006
AAEL0198056,8.26622353165426,59.7122302158273,AAEL019805,6,0.711597212686035,OG0010328
AAEL0211006,39.2498544600967,98.9208633093525,AAEL021100,6,1.38793074170596,OG0000006
AAEL0241996,4.85286395896959,43.1654676258993,AAEL024199,6,2.5,OG0000225
AAEL0274446,2.78817830137604,32.7338129496403,AAEL027444,6,0.761997772567755,OG0000547
AAEL0058747,2.50355539002964,31.0344827586207,AAEL005874,7,0.740213558836434,OG0004946
AAEL0061137,1.75582074961632,25.6704980842912,AAEL006113,7,0.546689470505976,OG0002608
AAEL0095747,2.02318520390705,26.4367816091954,AAEL009574,7,1.90580566481092,OG0000188
AAEL0131287,15.1730367779999,74.3295019157088,AAEL013128,7,2.5,OG0001440
AAEL0197047,3.60702245083139,40.6130268199234,AAEL019704,7,2.5,OG0000195
AAEL0241477,3.20008925386097,42.1455938697318,AAEL024147,7,0.765284840060596,OG0000188
AAEL0002668,3.88583802969668,42.7312775330396,AAEL000266,8,1.32037297630043,OG0000006
AAEL0069478,5.70147315709558,44.4933920704846,AAEL006947,8,1.04320962729934,OG0000004
AAEL0089168,25.5071281410351,93.8325991189427,AAEL008916,8,0.708561627836735,OG0000661
AAEL0171818,1.87851857057942,26.431718061674,AAEL017181,8,0.906098496847405,OG0000499
AAEL0197048,2.8616179987804,30.8370044052863,AAEL019704,8,1.65909540869856,OG0000195
AAEL0274448,2.70740121561059,32.5991189427313,AAEL027444,8,0.673605976124216,OG0000547
AAEL0049829,4.36634048910649,57.0652173913043,AAEL004982,9,0.821912840844935,OG0000961
AAEL0058349,16.2098554016798,92.3913043478261,AAEL005834,9,1.39366108566531,OG0000006
AAEL0059459,19.6569324844553,94.0217391304348,AAEL005945,9,0.675096411152718,OG0000006
AAEL0068449,10.9185486541643,77.7173913043478,AAEL006844,9,2.5,OG0000006
AAEL0069479,6.15046257366259,58.1521739130435,AAEL006947,9,1.21178000634159,OG0000004
AAEL0071049,6.40625656640557,69.5652173913043,AAEL007104,9,0.693668131256872,OG0001295
AAEL0088949,9.47031645844298,79.3478260869565,AAEL008894,9,1.31392842416872,OG0023874
AAEL0089169,54.0227445829454,98.9130434782609,AAEL008916,9,2.5,OG0000661
AAEL0114759,1.41286434613263,26.6304347826087,AAEL011475,9,1.07984770379056,OG0000303
AAEL0128879,22.7571356855791,90.2173913043478,AAEL012887,9,1.28701934786805,OG0000248
AAEL0172389,4.11645449977616,41.8478260869565,AAEL017238,9,1.91741767121615,OG0000004
AAEL0183529,33.3222822451255,97.2826086956522,AAEL018352,9,0.531464762441191,OG0000022
AAEL0197109,49.8765926092953,99.4565217391304,AAEL019710,9,1.00412905394215,OG0000615
AAEL0197579,13.1740435556933,84.7826086956522,AAEL019757,9,2.5,OG0000081
AAEL0197669,20.2346436646541,91.8478260869565,AAEL019766,9,2.15971527175513,OG0000006
AAEL0211009,56.6031421426045,100,AAEL021100,9,2.5,OG0000006
AAEL0244809,2.49035429927073,36.4130434782609,AAEL024480,9,1.7460789357407,OG0000127
AAEL00026610,2.87717504394318,33.9506172839506,AAEL000266,10,0.536345709623577,OG0000006
AAEL00052810,4.59440306673329,44.4444444444444,AAEL000528,10,0.822667197712338,OG0015066
AAEL00473210,6.04318484805255,47.5308641975309,AAEL004732,10,0.961920036397534,OG0000004
AAEL00477710,5.81745379314709,55.5555555555556,AAEL004777,10,1.71827747726078,OG0000149
AAEL00498210,7.55722255989103,67.9012345679012,AAEL004982,10,2.5,OG0000961
AAEL00594510,31.6426097088421,99.3827160493827,AAEL005945,10,2.06686922827992,OG0000006
AAEL00684410,4.28427785595574,46.9135802469136,AAEL006844,10,0.583387919491254,OG0000006
AAEL00710410,8.92815827128516,75.3086419753086,AAEL007104,10,1.5281256432405,OG0001295
AAEL00891610,34.9039739945735,99.3827160493827,AAEL008916,10,1.4673966029682,OG0000661
AAEL01040810,2.91315200411157,37.6543209876543,AAEL010408,10,0.781588920815497,OG0000127
AAEL01727210,5.16669986403543,54.320987654321,AAEL017272,10,0.839292015487412,OG0000006
AAEL01737410,5.97589684291863,55.5555555555556,AAEL017374,10,0.536885394362613,OG0000248
AAEL01835210,61.8859680926729,100,AAEL018352,10,2.34099404196551,OG0000022
AAEL01971010,48.7156810555595,98.7654320987654,AAEL019710,10,0.946265226606801,OG0000615
AAEL02110010,32.6332189246799,94.4444444444444,AAEL021100,10,0.90469015531681,OG0000006
AAEL02258910,8.76116115687312,74.6913580246914,AAEL022589,10,2.5,OG0017114
AAEL02744410,2.66710106411946,34.5679012345679,AAEL027444,10,0.629506801791642,OG0000547
AAEL02782210,2.11974609141252,30.2469135802469,AAEL027822,10,2.5,OG0000067
AAEL00026611,3.50500199101446,41.025641025641,AAEL000266,11,1.02435156709108,OG0000006
AAEL00052811,7.62095180495736,50.6410256410256,AAEL000528,11,1.8581360722008,OG0015066
AAEL00498211,4.84732181261769,55.7692307692308,AAEL004982,11,1.10987511199917,OG0000961
AAEL00694711,10.7695593986045,73.0769230769231,AAEL006947,11,2.5,OG0000004
AAEL00710411,6.30636421819025,57.6923076923077,AAEL007104,11,0.660615328208813,OG0001295
AAEL00813811,4.07463088629549,48.7179487179487,AAEL008138,11,0.617953379576605,OG0000777
AAEL01004311,9.31812989285948,53.2051282051282,AAEL010043,11,2.22776941803842,OG0000081
AAEL01733511,4.01400808272918,41.025641025641,AAEL017335,11,2.5,OG0000596
AAEL01960811,5.16902268609319,49.3589743589744,AAEL019608,11,0.753023564349944,OG0001884
AAEL01971011,62.1716871018773,99.3589743589744,AAEL019710,11,1.61695887935061,OG0000615
AAEL01975711,14.1680070158054,82.051282051282,AAEL019757,11,2.5,OG0000081
AAEL01976611,16.7014796461977,72.4358974358974,AAEL019766,11,1.55524850731639,OG0000006
AAEL00026612,4.25005696640515,29.1390728476821,AAEL000266,12,1.60347801877026,OG0000006
AAEL00498212,3.90224030130518,27.8145695364238,AAEL004982,12,0.544057261865765,OG0000961
AAEL00813812,3.99603791739206,29.8013245033113,AAEL008138,12,0.547886031196794,OG0000777
AAEL01981812,10.6464136535204,54.3046357615894,AAEL019818,12,2.5,OG0001902
AAEL00026613,2.87906541301901,39.6825396825397,AAEL000266,13,0.537815081376554,OG0000006
AAEL00453313,14.6652554152957,80.9523809523809,AAEL004533,13,0.530229542409142,OG0001683
AAEL00583413,11.6675812770163,69.0476190476191,AAEL005834,13,0.685829328072399,OG0000006
AAEL00607713,8.05275976819357,61.1111111111111,AAEL006077,13,1.0789918614599,OG0000004
AAEL00684413,7.84443563264395,66.6666666666667,AAEL006844,13,1.98257158359656,OG0000006
AAEL00694713,4.44670986751409,38.0952380952381,AAEL006947,13,0.572116288506842,OG0000004
AAEL01040813,3.80950825102425,44.4444444444444,AAEL010408,13,1.51989557877797,OG0000127
AAEL01168013,16.3403034248863,80.9523809523809,AAEL011680,13,2.5,OG0000004
AAEL01960813,14.3510407127398,78.5714285714286,AAEL019608,13,2.5,OG0001884
AAEL01966713,64.9509029091629,98.4126984126984,AAEL019667,13,2.5,OG0001683
AAEL01975713,7.37775530353344,50.7936507936508,AAEL019757,13,1.19597222828511,OG0000081
AAEL01982113,10.2223980793431,67.4603174603175,AAEL019821,13,2.43758397669181,OG0012955
AAEL02110013,32.3738390522266,96.031746031746,AAEL021100,13,0.88574655762415,OG0000006
AAEL00347314,4.39158994894942,45.945945945946,AAEL003473,14,2.5,OG0000004
AAEL00383714,6.58782224031731,64.8648648648649,AAEL003837,14,0.529404796069241,OG0000632
AAEL00473214,5.0097348609951,42.3423423423423,AAEL004732,14,0.597763797861885,OG0000004
AAEL00477714,3.59907004271307,44.1441441441441,AAEL004777,14,0.551636517761644,OG0000149
AAEL00594514,19.3720520777709,91.8918918918919,AAEL005945,14,0.642016193929046,OG0000006
AAEL00889414,9.56562031303594,79.2792792792793,AAEL008894,14,1.36524112262491,OG0023874
AAEL01040814,6.19243987423318,61.2612612612613,AAEL010408,14,2.5,OG0000127
AAEL01718114,2.12994272866571,29.7297297297297,AAEL017181,14,1.22011033507027,OG0000499
AAEL01723814,8.02544195767731,68.4684684684685,AAEL017238,14,2.5,OG0000004
AAEL01727214,5.11358467936896,59.4594594594595,AAEL017272,14,0.815078499384805,OG0000006
AAEL01835214,36.7847296795216,98.1981981981982,AAEL018352,14,0.750813205243489,OG0000022
AAEL01980414,4.51071312190108,54.0540540540541,AAEL019804,14,1.71305371490532,OG0000006
AAEL02724214,23.1387846284362,94.5945945945946,AAEL027242,14,2.5,OG0000006
AAEL00052815,16.077354492601,70.0934579439252,AAEL000528,15,2.5,OG0015066
AAEL00383715,7.41364850342642,67.2897196261682,AAEL003837,15,0.789938401590179,OG0000632
AAEL00439615,9.11665622033169,45.7943925233645,AAEL004396,15,0.547653482572294,OG0000006
AAEL00453315,23.2297279863233,88.785046728972,AAEL004533,15,1.71096417064346,OG0001683
AAEL00473215,5.91806013527826,54.2056074766355,AAEL004732,15,0.917829905938997,OG0000004
AAEL00477715,4.48675083440644,42.9906542056075,AAEL004777,15,1.0184650231307,OG0000149
AAEL00498215,4.1993578708908,55.1401869158878,AAEL004982,15,0.721940780321566,OG0000961
AAEL00543715,14.9943522127949,78.5046728971963,AAEL005437,15,0.649654533312277,OG0000180
AAEL00595215,10.8926114316775,75.7009345794392,AAEL005952,15,0.814543899340187,OG0000006
AAEL00649015,2.42776336149783,30.8411214953271,AAEL006490,15,2.37177571543172,OG0000081
AAEL00694715,4.65270337541374,47.6635514018692,AAEL006947,15,0.64945531349409,OG0000004
AAEL01700515,4.78138679691154,35.5140186915888,AAEL017005,15,0.686714278679014,OG0000004
AAEL01733515,1.73543487337944,27.1028037383178,AAEL017335,15,0.576773244552106,OG0000596
AAEL01943715,9.66430806435815,63.5514018691589,AAEL019437,15,0.511667110517575,OG0000006
AAEL01960715,1.85907634701331,27.1028037383178,AAEL019607,15,2.17789270120244,OG0000596
AAEL01975715,5.83455721223645,45.7943925233645,AAEL019757,15,0.725000490351416,OG0000081
AAEL01982115,5.56831226669266,50.4672897196262,AAEL019821,15,0.91800490287813,OG0012955
AAEL02414715,3.39438589485531,45.7943925233645,AAEL024147,15,0.90097540315525,OG0000188
AAEL02512515,8.0883732032784,67.2897196261682,AAEL025125,15,0.817424870131039,OG0000006
AAEL02724215,9.7022816522807,57.9439252336449,AAEL027242,15,0.992418806440253,OG0000006
AAEL00477716,4.87225757315892,39,AAEL004777,16,1.22120179106076,OG0000149
AAEL00537316,4.06515297917364,29,AAEL005373,16,2.5,OG0000158
AAEL00684416,5.76437786991429,48,AAEL006844,16,1.16508454381876,OG0000006
AAEL01168016,12.4737381521207,60,AAEL011680,16,1.76777307219464,OG0000004
AAEL01700516,5.49497933583127,37,AAEL017005,16,1.01884204130217,OG0000004
AAEL02258916,3.04016488264746,33,AAEL022589,16,0.519415854806852,OG0017114
AAEL02604316,10.4062259349066,57,AAEL026043,16,1.65906196267922,OG0000006
AAEL00024617,2.01239806909456,25.7731958762887,AAEL000246,17,2.5,OG0001936
AAEL00383717,6.60131694650538,60.8247422680412,AAEL003837,17,0.533662137613921,OG0000632
AAEL00477717,3.7875733825256,41.2371134020619,AAEL004777,17,0.650769824694972,OG0000149
AAEL00583417,11.6559862251907,79.3814432989691,AAEL005834,17,0.684022447710742,OG0000006
AAEL00628317,3.7606818897108,32.9896907216495,AAEL006283,17,2.5,OG0001884
AAEL00684417,7.32762020101245,45.360824742268,AAEL006844,17,1.77945707164114,OG0000006
AAEL00889417,8.17188253861006,76.2886597938144,AAEL008894,17,0.614836572341444,OG0023874
AAEL00891617,23.0864781070849,94.8453608247423,AAEL008916,17,0.513083917874848,OG0000661
AAEL00902417,17.0848336449173,84.5360824742268,AAEL009024,17,2.01150587653316,OG0000081
AAEL01718117,3.76967263216739,42.2680412371134,AAEL017181,17,2.5,OG0000499
AAEL01966717,37.5171246104181,98.9690721649485,AAEL019667,17,1.89505923625785,OG0001683
AAEL01971417,3.60438780697635,46.3917525773196,AAEL019714,17,1.30869726944572,OG0003786
AAEL01979017,1.8129984260369,29.8969072164948,AAEL019790,17,0.813793214664238,OG0000195
AAEL02448017,2.79226572901993,35.0515463917526,AAEL024480,17,2.05245835920186,OG0000127
AAEL00026618,3.60794135127174,36.8421052631579,AAEL000266,18,1.1043656713022,OG0000006
AAEL00473218,4.90245526504878,36.8421052631579,AAEL004732,18,0.559961742009456,OG0000004
AAEL00498218,3.84597363936671,38.9473684210526,AAEL004982,18,0.510370557268192,OG0000961
AAEL00583418,10.536052580315,71.5789473684211,AAEL005834,18,0.509500924244017,OG0000006
AAEL00684418,4.12559488729209,40,AAEL006844,18,0.52102365603649,OG0000006
AAEL00694718,10.4262717556255,65.2631578947368,AAEL006947,18,2.5,OG0000004
AAEL00710418,6.17103394855604,53.6842105263158,AAEL007104,18,0.615836675703626,OG0001295
AAEL00813818,5.96015941422333,50.5263157894737,AAEL008138,18,2.29894324533323,OG0000777
AAEL00889418,8.81599161591501,67.3684210526316,AAEL008894,18,0.961632355133238,OG0023874
AAEL01288718,17.5698990256119,77.8947368421053,AAEL012887,18,0.836501031144981,OG0000248
AAEL01312818,4.20813471869563,43.1578947368421,AAEL013128,18,0.521424217281739,OG0001440
AAEL01727218,6.78381350530771,57.8947368421053,AAEL017272,18,1.57648247125946,OG0000006
AAEL01971018,50.0719031219116,98.9473684210526,AAEL019710,18,1.0138640020891,OG0000615
AAEL01976618,20.3351500987086,89.4736842105263,AAEL019766,18,2.17691028412388,OG0000006
AAEL02512518,9.1266472520676,58.9473684210526,AAEL025125,18,1.09126532934262,OG0000006
AAEL00026619,4.20640507731099,51.063829787234,AAEL000266,19,1.56954768547244,OG0000006
AAEL00347319,3.81628160866564,45.7446808510638,AAEL003473,19,2.33726714220266,OG0000004
AAEL00453319,14.4714964419991,92.5531914893617,AAEL004533,19,0.503517105956671,OG0001683
AAEL00498219,4.6277215451398,56.3829787234042,AAEL004982,19,0.978401001305269,OG0000961
AAEL00583419,14.3920889880882,85.1063829787234,AAEL005834,19,1.11039487140501,OG0000006
AAEL00594519,30.8309918135877,100,AAEL005945,19,1.97262443064673,OG0000006
AAEL00595219,11.7972047213282,85.1063829787234,AAEL005952,19,1.02727094012229,OG0000006
AAEL00611319,2.27187645090154,26.5957446808511,AAEL006113,19,1.69102780116287,OG0002608
AAEL00813819,6.15111047301648,62.7659574468085,AAEL008138,19,2.46918028493907,OG0000777
AAEL01062619,2.59031800953198,29.7872340425532,AAEL010626,19,2.27050448327597,OG0000004
AAEL01168019,12.8198213122347,82.9787234042553,AAEL011680,19,1.84710866875984,OG0000004
AAEL01312819,4.3311738051792,46.8085106382979,AAEL013128,19,0.571879010728599,OG0001440
AAEL01718119,1.73440820533131,26.5957446808511,AAEL017181,19,0.72611435752298,OG0000499
AAEL01727219,10.9778644448851,77.6595744680851,AAEL017272,19,2.5,OG0000006
AAEL01737419,11.1324112622082,85.1063829787234,AAEL017374,19,1.79666990418062,OG0000248
AAEL01835219,45.0041512913794,98.936170212766,AAEL018352,19,1.27151925651414,OG0000022
AAEL01960819,5.90883319506931,56.3829787234042,AAEL019608,19,1.04891475267587,OG0001884
AAEL01975719,5.29803575858073,54.2553191489362,AAEL019757,19,0.561258425808961,OG0000081
AAEL01988119,1.71358458828524,27.6595744680851,AAEL019881,19,1.07840289570953,OG0004091
AAEL02110019,53.0432222985992,100,AAEL021100,19,2.3953181256537,OG0000006
AAEL02744419,3.51406693895686,46.8085106382979,AAEL027444,19,1.55631462722665,OG0000547
AAEL00439620,36.9153574612003,93.2432432432432,AAEL004396,20,2.5,OG0000006
AAEL00453320,24.1675541583775,91.8918918918919,AAEL004533,20,1.84025687692811,OG0001683
AAEL00594520,20.9644239618639,89.1891891891892,AAEL005945,20,0.826921882739769,OG0000006
AAEL00595220,14.4505467452249,91.8918918918919,AAEL005952,20,1.65123930622002,OG0000006
AAEL00649020,2.60814983044281,33.7837837837838,AAEL006490,20,2.5,OG0000081
AAEL00684420,7.04127233326275,58.1081081081081,AAEL006844,20,1.66691900902205,OG0000006
AAEL00931120,2.26031385241619,27.027027027027,AAEL009311,20,1.69897315800839,OG0002899
AAEL01004320,13.1424587351689,81.0810810810811,AAEL010043,20,2.5,OG0000081
AAEL01699720,2.31837619485961,25.6756756756757,AAEL016997,20,1.25422752540483,OG0000004
AAEL01835220,54.242812419533,100,AAEL018352,20,1.85679483699153,OG0000022
AAEL01966720,20.9042321324394,82.4324324324324,AAEL019667,20,0.590237375907435,OG0001683
AAEL01975720,8.71652518336028,60.8108108108108,AAEL019757,20,1.60455410805234,OG0000081
AAEL02512520,10.6953521684951,72.972972972973,AAEL025125,20,1.50500472231206,OG0000006
AAEL02724220,11.3533478381235,70.2702702702703,AAEL027242,20,1.2973846416882,OG0000006
AAEL00026621,4.63188787327464,52.3076923076923,AAEL000266,21,1.90027273263793,OG0000006
AAEL00498221,4.29798625859276,49.2307692307692,AAEL004982,21,0.780989340285616,OG0000961
AAEL00594521,20.3063766947012,93.8461538461538,AAEL005945,21,0.750509654905174,OG0000006
AAEL00694721,6.8357727667882,55.3846153846154,AAEL006947,21,1.469075601191,OG0000004
AAEL00889421,10.9921576016933,80,AAEL008894,21,2.1333053110254,OG0023874
AAEL00891621,41.3629597969881,96.9230769230769,AAEL008916,21,1.98898697564673,OG0000661
AAEL01168021,7.96703871523338,64.6153846153846,AAEL011680,21,0.734663896215671,OG0000004
AAEL01350521,14.0285525194588,83.0769230769231,AAEL013505,21,1.05211656227124,OG0000004
AAEL01415221,1.78632014803214,27.6923076923077,AAEL014152,21,1.37202179463317,OG0003317
AAEL01727221,8.08036359780401,73.8461538461539,AAEL017272,21,2.16753824447441,OG0000006
AAEL01835221,63.8571096017692,100,AAEL018352,21,2.46586722163261,OG0000022
AAEL01971021,55.7657500187599,100,AAEL019710,21,1.29766492788135,OG0000615
AAEL01980421,2.58096069239114,30.7692307692308,AAEL019804,21,0.741800380545643,OG0000006
AAEL02258921,4.72087469520252,43.0769230769231,AAEL022589,21,1.69601146575497,OG0017114
AAEL02744421,4.08764441383906,44.6153846153846,AAEL027444,21,2.18396221965902,OG0000547
AAEL00026622,3.3567608295704,53.125,AAEL000266,22,0.90912466349933,OG0000006
AAEL00477722,3.57060746864122,50,AAEL004777,22,0.536668140573296,OG0000149
AAEL00543722,14.3339722328413,87.5,AAEL005437,22,0.503235131444585,OG0000180
AAEL00587422,3.75196891884992,70.3125,AAEL005874,22,2.30271154633446,OG0004946
AAEL00665622,0.866262661601908,31.25,AAEL006656,22,1.2202591445726,OG0000148
AAEL00716922,0.949725498587288,26.5625,AAEL007169,22,0.847485671692706,OG0000004
AAEL00813822,4.50983371583496,84.375,AAEL008138,22,1.00594620767156,OG0000777
AAEL00909222,0.805444260991097,32.8125,AAEL009092,22,1.09426291214382,OG0001084
AAEL00931122,1.66889155094525,54.6875,AAEL009311,22,0.682836207750485,OG0002899
AAEL00982222,0.844021347105447,35.9375,AAEL009822,22,0.503466213027667,OG0000067
AAEL01471722,1.38392182907801,46.875,AAEL014717,22,0.842700702616605,OG0000706
AAEL01971422,3.74847929767841,68.75,AAEL019714,22,1.40281587420703,OG0003786
AAEL01982122,4.84195366786462,54.6875,AAEL019821,22,0.680845690243172,OG0012955
AAEL02089322,1.17618991676244,35.9375,AAEL020893,22,1.71035366433946,OG0000149
AAEL02226822,2.87864873359701,65.625,AAEL022268,22,1.68210571215392,OG0000706
AAEL00194023,3.3357571626915,32.258064516129,AAEL001940,23,2.5,OG0003892
AAEL00473223,9.80742349008582,53.2258064516129,AAEL004732,23,2.28832286382065,OG0000004
AAEL00543723,16.8591467592349,75.8064516129032,AAEL005437,23,1.06311664661723,OG0000180
AAEL00829223,6.57434741904028,33.8709677419355,AAEL008292,23,2.5,OG0000081
AAEL01279623,11.7202111911413,46.7741935483871,AAEL012796,23,2.5,OG0000596
AAEL02226823,5.74665290241794,33.8709677419355,AAEL022268,23,2.5,OG0000706
AAEL02724223,7.93098773546681,41.9354838709677,AAEL027242,23,0.665245896327625,OG0000006
AAEL00364724,2.76541147500199,34.6153846153846,AAEL003647,24,2.5,OG0000004
AAEL00439624,17.879809258126,76.9230769230769,AAEL004396,24,1.65295712961056,OG0000006
AAEL00543724,20.2068176414883,84.6153846153846,AAEL005437,24,1.80536199491487,OG0000180
AAEL00594524,37.9455602032525,100,AAEL005945,24,2.5,OG0000006
AAEL00595224,19.6522384181944,92.3076923076923,AAEL005952,24,2.5,OG0000006
AAEL00710424,12.7747720787822,82.6923076923077,AAEL007104,24,2.5,OG0001295
AAEL00889424,8.0739451728836,76.9230769230769,AAEL008894,24,0.562105961008057,OG0023874
AAEL00891624,43.8360458891771,98.0769230769231,AAEL008916,24,2.18869911869072,OG0000661
AAEL01835224,40.5989253667741,96.1538461538462,AAEL018352,24,0.992445143458894,OG0000022
AAEL01960824,6.67635380129517,63.4615384615385,AAEL019608,24,1.35588874329288,OG0001884
AAEL01971024,93.2383600534409,98.0769230769231,AAEL019710,24,2.5,OG0000615
AAEL01971424,8.17410556145762,75,AAEL019714,24,2.5,OG0003786
AAEL01980524,20.3444181106475,88.4615384615385,AAEL019805,24,2.5,OG0010328
AAEL02073924,1.54317985623395,28.8461538461538,AAEL020739,24,1.89487228588555,OG0000462
AAEL02110024,36.7426887356817,96.1538461538462,AAEL021100,24,1.20482193537138,OG0000006
AAEL02604324,6.25549696224681,63.4615384615385,AAEL026043,24,0.786159461009537,OG0000006
AAEL00024625,1.63044975891523,26.0869565217391,AAEL000246,25,1.84212181244208,OG0001936
AAEL00347325,3.99428329559381,41.304347826087,AAEL003473,25,2.5,OG0000004
AAEL00543725,22.4588469843891,95.6521739130435,AAEL005437,25,2.30468177956251,OG0000180
AAEL00710425,12.021348464424,86.9565217391304,AAEL007104,25,2.5,OG0001295
AAEL00836025,1.26747831016099,26.0869565217391,AAEL008360,25,1.58807090193632,OG0000006
AAEL00889425,8.92148735289748,89.1304347826087,AAEL008894,25,1.0184324810391,OG0023874
AAEL00902425,27.2235257765568,97.8260869565217,AAEL009024,25,2.5,OG0000081
AAEL01700525,6.66558320719106,60.8695652173913,AAEL017005,25,1.56367683638186,OG0000004
AAEL01718125,2.2613749311498,28.2608695652174,AAEL017181,25,1.38426030306795,OG0000499
AAEL01943325,14.9283383937543,93.4782608695652,AAEL019433,25,2.5,OG0000004
AAEL01971025,48.7897319122613,100,AAEL019710,25,0.949956176164875,OG0000615
AAEL01976625,17.2086589414744,95.6521739130435,AAEL019766,25,1.64201861648901,OG0000006
AAEL01980525,21.859511431156,93.4782608695652,AAEL019805,25,2.5,OG0010328
AAEL02448025,4.29141983641067,58.695652173913,AAEL024480,25,2.5,OG0000127
AAEL02604325,7.80136161928831,73.9130434782609,AAEL026043,25,1.11125636212317,OG0000006
AAEL02744425,2.56660510269302,34.7826086956522,AAEL027444,25,0.519537266723271,OG0000547
AAEL00439626,27.1007153729599,73.8095238095238,AAEL004396,26,2.5,OG0000006
AAEL00453326,32.3071722991079,83.3333333333333,AAEL004533,26,2.5,OG0001683
AAEL00477726,10.3847436307207,69.0476190476191,AAEL004777,26,2.5,OG0000149
AAEL00583426,27.9701566023574,92.8571428571429,AAEL005834,26,2.5,OG0000006
AAEL00594526,20.067353123032,78.5714285714286,AAEL005945,26,0.722754317974768,OG0000006
AAEL00611326,2.48161902545277,26.1904761904762,AAEL006113,26,2.15612578774043,OG0002608
AAEL01040826,3.02100134625618,30.952380952381,AAEL010408,26,0.870421778997159,OG0000127
AAEL01062626,3.28896299072418,30.952380952381,AAEL010626,26,2.5,OG0000004
AAEL01350526,43.0517184419199,95.2380952380952,AAEL013505,26,2.5,OG0000004
AAEL01700526,4.75937692416169,38.0952380952381,AAEL017005,26,0.676470211661312,OG0000004
AAEL01716026,5.49196039476392,45.2380952380952,AAEL017160,26,2.5,OG0000248
AAEL01943326,22.6954718393676,90.4761904761905,AAEL019433,26,2.5,OG0000004
AAEL01966726,30.2226807059421,92.8571428571429,AAEL019667,26,1.32213372805531,OG0001683
AAEL01970426,3.71481092159319,33.3333333333333,AAEL019704,26,2.5,OG0000195
AAEL01980526,8.79661665036734,69.0476190476191,AAEL019805,26,0.817648853555035,OG0010328
AAEL01982126,9.42162838986172,59.5238095238095,AAEL019821,26,2.17612922229672,OG0012955
AAEL02073926,2.31119767182795,28.5714285714286,AAEL020739,26,2.5,OG0000462
AAEL02258926,3.6917555888498,35.7142857142857,AAEL022589,26,0.975567630280075,OG0017114
AAEL02398526,106.963350169945,100,AAEL023985,26,2.5,OG0000107
AAEL02448026,2.45027314402872,26.1904761904762,AAEL024480,26,1.70540461862424,OG0000127
AAEL02604326,4.93969466804489,42.8571428571429,AAEL026043,26,0.509444907523396,OG0000006
AAEL00383727,9.69305697367597,78.5714285714286,AAEL003837,27,1.50905152954192,OG0000632
AAEL00498227,4.15445459091115,52.3809523809524,AAEL004982,27,0.695057303036376,OG0000961
AAEL00543727,14.7423407712173,73.8095238095238,AAEL005437,27,0.593778574531408,OG0000180
AAEL00583427,23.1568377799014,97.6190476190476,AAEL005834,27,2.4762233907547,OG0000006
AAEL00595227,13.4805203329818,88.0952380952381,AAEL005952,27,1.42312480380464,OG0000006
AAEL00694727,5.04884893574752,52.3809523809524,AAEL006947,27,0.798185784185267,OG0000004
AAEL00710427,7.10411934809762,71.4285714285714,AAEL007104,27,0.924579922699799,OG0001295
AAEL00813827,4.86651863824975,54.7619047619048,AAEL008138,27,1.32393860660196,OG0000777
AAEL00891627,27.3952575457933,97.6190476190476,AAEL008916,27,0.861036048747361,OG0000661
AAEL01040827,2.98617488100895,38.0952380952381,AAEL010408,27,0.841736073671965,OG0000127
AAEL01312827,5.75457626457372,54.7619047619048,AAEL013128,27,1.15557545332285,OG0001440
AAEL01350527,13.5101025690739,80.9523809523809,AAEL013505,27,0.984357202800731,OG0000004
AAEL01949127,2.18368539900133,35.7142857142857,AAEL019491,27,2.48607202432296,OG0000303
AAEL01971027,45.4787734692122,100,AAEL019710,27,0.784926612072252,OG0000615
AAEL00337828,38.517710994967,92.5,AAEL003378,28,2.5,OG0000291
AAEL00473228,11.9380416834668,65,AAEL004732,28,2.5,OG0000004
AAEL00543728,18.958451061408,62.5,AAEL005437,28,1.52857424617084,OG0000180
AAEL00587428,4.16782276743013,32.5,AAEL005874,28,2.5,OG0004946
AAEL01004328,5.2806237396816,40,AAEL010043,28,0.906757471747802,OG0000081
AAEL01067928,3.43139550586684,27.5,AAEL010679,28,2.5,OG0004335
AAEL01168028,17.2660681278478,77.5,AAEL011680,28,2.5,OG0000004
AAEL01279628,8.2875405673321,40,AAEL012796,28,2.5,OG0000596
AAEL01737428,22.9732778668235,80,AAEL017374,28,2.5,OG0000248
AAEL01943728,26.3031539454607,87.5,AAEL019437,28,2.5,OG0000006
AAEL01971428,3.98039544063556,32.5,AAEL019714,28,1.55430034903896,OG0003786
AAEL02414728,6.52409043831496,42.5,AAEL024147,28,2.5,OG0000188
AAEL02604328,13.9201176805342,62.5,AAEL026043,28,2.39803695130373,OG0000006
AAEL02724228,8.4790194426335,47.5,AAEL027242,28,0.766471969971142,OG0000006
AAEL02744428,5.2515495956778,35,AAEL027444,28,2.5,OG0000547
AAEL00383729,6.66341643562603,30.5555555555556,AAEL003837,29,0.553253430025353,OG0000632
AAEL00543729,16.470700775901,77.7777777777778,AAEL005437,29,0.976990431007769,OG0000180
AAEL00594529,24.6186941297518,91.6666666666667,AAEL005945,29,1.25125450833035,OG0000006
AAEL00595229,11.7765693217477,77.7777777777778,AAEL005952,29,1.02241825379537,OG0000006
AAEL01992729,2.18846698142259,27.7777777777778,AAEL019927,29,2.5,OG0029024
AAEL02414729,3.45473555733681,33.3333333333333,AAEL024147,29,0.943121678267261,OG0000188
AAEL02512529,19.9819968959119,88.8888888888889,AAEL025125,29,2.5,OG0000006
AAEL00194030,2.06447400925443,45.4545454545455,AAEL001940,30,1.52874696367367,OG0003892
AAEL00473230,9.85720801373173,54.5454545454545,AAEL004732,30,2.30586541072203,OG0000004
AAEL00498230,4.38051325862517,60.6060606060606,AAEL004982,30,0.83039804120438,OG0000961
AAEL00537330,6.58600638209241,33.3333333333333,AAEL005373,30,2.5,OG0000158
AAEL00684430,4.54166595116761,57.5757575757576,AAEL006844,30,0.684544452640929,OG0000006
AAEL00694730,4.31790408938644,48.4848484848485,AAEL006947,30,0.523756932939337,OG0000004
AAEL00710430,6.43685988688806,51.5151515151515,AAEL007104,30,0.703794287490021,OG0001295
AAEL00902430,25.8427082264706,84.8484848484848,AAEL009024,30,2.5,OG0000081
AAEL01168030,8.80157012388681,51.5151515151515,AAEL011680,30,0.925970653632355,OG0000004
AAEL01235630,1.00946636412165,27.2727272727273,AAEL012356,30,2.16156286000074,OG0000004
AAEL01279630,5.56265901730183,39.3939393939394,AAEL012796,30,1.53518651077133,OG0000596
AAEL01288730,65.4987568040343,100,AAEL012887,30,2.5,OG0000248
AAEL01292030,2.07278560293118,30.3030303030303,AAEL012920,30,2.18552512794061,OG0000004
AAEL01415230,1.88585852015865,39.3939393939394,AAEL014152,30,1.54154594642241,OG0003317
AAEL01699730,6.90237020810502,63.6363636363636,AAEL016997,30,2.5,OG0000004
AAEL01700530,9.31941790983899,60.6060606060606,AAEL017005,30,2.5,OG0000004
AAEL01960730,1.89888686107879,33.3333333333333,AAEL019607,30,2.25876587970859,OG0000596
AAEL01960830,6.59079764822426,66.6666666666667,AAEL019608,30,1.321670100149,OG0001884
AAEL01966730,28.6203826436724,96.969696969697,AAEL019667,30,1.19628487053589,OG0001683
AAEL01979030,2.36782061102176,42.4242424242424,AAEL019790,30,1.75948527020377,OG0000195
AAEL01980530,12.7838202369061,69.6969696969697,AAEL019805,30,1.61488672846786,OG0010328
AAEL01982130,14.0274502722694,42.4242424242424,AAEL019821,30,2.5,OG0012955
AAEL00337831,9.52196448159445,38.8888888888889,AAEL003378,31,0.857163756237846,OG0000291
AAEL00383731,11.1810517901492,50,AAEL003837,31,1.9784876226406,OG0000632
AAEL00439931,3.62892133459932,27.7777777777778,AAEL004399,31,2.5,OG0000149
AAEL00568131,4.89216736706862,27.7777777777778,AAEL005681,31,2.5,OG0019192
AAEL00587431,3.04345162632787,27.7777777777778,AAEL005874,31,1.4159406021591,OG0004946
AAEL00595231,11.1578403885813,66.6666666666667,AAEL005952,31,0.876915986086113,OG0000006
AAEL00931131,3.41260373089701,33.3333333333333,AAEL009311,31,2.5,OG0002899
AAEL01471731,2.47411661633071,33.3333333333333,AAEL014717,31,2.5,OG0000706
AAEL02512531,11.519988736456,61.1111111111111,AAEL025125,31,1.72249918508558,OG0000006
AAEL02724231,9.53349179578998,38.8888888888889,AAEL027242,31,0.961241897841766,OG0000006
