"","avg.exp","pct.exp","features.plot","id","avg.exp.scaled","OG"
"Dop2R",42.8077099303328,85.789222699094,"Dop2R","0",0.810331132908753,"[OG0000006]"
"Cirl",1.67918972155923,35.7653791130186,"Cirl","0",0.957162495922802,"[OG0000027]"
"mGluR",1.45063391438922,27.515498330949,"mGluR","0",0.79377042500329,"[OG0000067]"
"Ac3",1.8225158134727,39.3538388173581,"Ac3","0",0.686083285404475,"[OG0000187]"
"CG12004",2.2889062748552,47.2103004291845,"CG12004","0",0.853783422133807,"[OG0000897]"
"CG15270",1.24062098368475,28.6480686695279,"CG15270","0",0.520519315961213,"[OG0000961]"
"schlank",1.71389632395184,38.5431568907964,"schlank","0",0.520544143050471,"[OG0001084]"
"CG1265",0.915081717905974,25.4291845493562,"CG1265","0",0.747491545621059,"[OG0002004]"
"CG31998",1.32951886695197,30.5555555555556,"CG31998","0",1.06435980940097,"[OG0023874]"
"Dop2R1",52.8730151772219,90.9847434119279,"Dop2R","1",1.2321277823088,"[OG0000006]"
"Cirl1",1.71299233869626,40.3606102635229,"Cirl","1",1.02010453773186,"[OG0000027]"
"mGluR1",1.58097550935906,34.7202958853444,"mGluR","1",0.962582453724045,"[OG0000067]"
"Ac31",1.79134790719454,43.3194637078132,"Ac3","1",0.636499690950022,"[OG0000187]"
"AdipoR1",1.61133198309952,42.1405455386038,"AdipoR","1",0.556795561876326,"[OG0000706]"
"CG120041",2.42548546524752,54.3920480813685,"CG12004","1",1.09964866044658,"[OG0000897]"
"CG12651",0.966610535581365,29.5654184003699,"CG1265","1",0.947490978298739,"[OG0002004]"
"Surf41",1.11367814991039,32.339343504392,"Surf4","1",0.600586683991188,"[OG0002518]"
"Dop2R2",39.2937228942899,84.1562269712601,"Dop2R","2",0.663074003444529,"[OG0000006]"
"mGluR2",1.29603853673289,29.7347089167281,"mGluR","2",0.593546088796151,"[OG0000067]"
"CG120042",2.10633157347673,49.8157700810612,"CG12004","2",0.525118620890225,"[OG0000897]"
"CG12652",0.932180599670194,29.8820928518791,"CG1265","2",0.813857645340439,"[OG0002004]"
"DopEcR3",9.23674645421475,77,"DopEcR","3",0.654022219422599,"[OG0000006]"
"GABA-B-R13",5.5691530891454,64.1363636363636,"GABA-B-R1","3",0.783998926096782,"[OG0000127]"
"fz23",5.57251540743804,56.1818181818182,"fz2","3",0.827945593036332,"[OG0000195]"
"CG441533",2.74264525447372,37.5909090909091,"CG44153","3",1.12626795290638,"[OG0009663]"
"Nmda14",3.45953970995556,42.707182320442,"Nmda1","4",1.68159998746412,"[OG0000462]"
"bbc4",16.5237132341187,65.0276243093923,"bbc","4",2.5,"[OG0000882]"
"rho4",17.1522264036766,64.1436464088398,"rho","4",2.5,"[OG0001261]"
"DopEcR5",8.94458697111834,90.8653846153846,"DopEcR","5",0.57647337118341,"[OG0000006]"
"GABA-B-R25",0.796273503813193,27.8846153846154,"GABA-B-R2","5",0.73621722178213,"[OG0000127]"
"CG152705",1.29674397613803,37.2596153846154,"CG15270","5",0.617548569720607,"[OG0000961]"
"CG37025",0.72460522743441,27.3237179487179,"CG3702","5",0.877899612714008,"[OG0001600]"
"CG12655",1.12048943505476,37.9807692307692,"CG1265","5",1.54474304004055,"[OG0002004]"
"5-HT1B6",2.4495684790423,45.0202429149798,"5-HT1B","6",2.5,"[OG0000006]"
"Dop1R16",6.10064936295379,71.336032388664,"Dop1R1","6",2.5,"[OG0000006]"
"Dop1R26",8.36267928506705,83.4008097165992,"Dop1R2","6",2.5,"[OG0000006]"
"slo6",12.8796795941173,92.7125506072875,"slo","6",1.52943783660573,"[OG0000012]"
"Cirl6",1.74821793110985,34.17004048583,"Cirl","6",1.08569622554282,"[OG0000027]"
"mGluR6",2.2204721811735,41.4574898785425,"mGluR","6",1.79082711770982,"[OG0000067]"
"Trpm6",1.41202727769326,28.663967611336,"Trpm","6",2.5,"[OG0000107]"
"fz9",4.64362211891199,65.82995951417,"fz","6",2.26033970218565,"[OG0000195]"
"CG120046",2.31089941655089,43.8866396761134,"CG12004","6",0.893374731825459,"[OG0000897]"
"CG137846",4.56643978864246,61.7813765182186,"CG13784","6",0.770438434970572,"[OG0003786]"
"CG319986",1.24451436063946,26.0728744939271,"CG31998","6",0.767223558435104,"[OG0023874]"
"Dop1R17",4.10344242149336,43.3867735470942,"Dop1R1","7",1.81386010969538,"[OG0000006]"
"List7",11.9458914053276,82.8657314629259,"List","7",2.5,"[OG0000014]"
"wtrw7",4.13705912005804,50.3006012024048,"wtrw","7",2.5,"[OG0000181]"
"moody7",1.90529605126685,33.5671342685371,"moody","7",2.5,"[OG0000253]"
"AdipoR7",1.69327991113195,35.3707414829659,"AdipoR","7",0.776743788049463,"[OG0000706]"
"bbc7",3.45659746625651,41.6833667334669,"bbc","7",1.01318836152651,"[OG0000882]"
"schlank7",2.3380383705065,39.7795591182365,"schlank","7",1.96743507307941,"[OG0001084]"
"rho7",7.08118983184412,42.4849699398798,"rho","7",2.5,"[OG0001261]"
"Baldspot7",4.1418342928698,49.6993987975952,"Baldspot","7",1.26544379728647,"[OG0001440]"
"CG72727",2.44107780293157,38.2765531062124,"CG7272","7",2.5,"[OG0002046]"
"Proc-R7",1.90497434716342,34.7695390781563,"Proc-R","7",2.5,"[OG0045551]"
"Dop2R8",55.8059152064024,89.9886234357224,"Dop2R","8",1.3550338815268,"[OG0000006]"
"Cirl8",1.77896522379996,36.1774744027304,"Cirl","8",1.1429491114413,"[OG0000027]"
"mGluR8",1.5140743520966,26.5073947667804,"mGluR","8",0.875935362410986,"[OG0000067]"
"fz28",5.01963024595624,65.1877133105802,"fz2","8",0.623503955728405,"[OG0000195]"
"AdipoR8",1.70183305624047,37.542662116041,"AdipoR","8",0.799700428198727,"[OG0000706]"
"CG120048",2.36926494721148,48.8054607508532,"CG12004","8",0.998442385718389,"[OG0000897]"
"CG152708",1.36155580499568,29.6928327645051,"CG15270","8",0.729599675941895,"[OG0000961]"
"schlank8",1.77485455939052,38.7940841865757,"schlank","8",0.661857996929829,"[OG0001084]"
"Surf48",1.10027345093256,28.2138794084187,"Surf4","8",0.537843107057761,"[OG0002518]"
"CG319988",1.24920557764546,28.2138794084187,"CG31998","8",0.783621872996294,"[OG0023874]"
"Dop2R9",51.2220056773791,89.238845144357,"Dop2R","9",1.16294058350262,"[OG0000006]"
"fz29",5.60708396732511,51.5748031496063,"fz2","9",0.84072809015336,"[OG0000195]"
"schlank9",1.71381077212659,29.002624671916,"schlank","9",0.520345816146059,"[OG0001084]"
"CG441539",3.233776920851,37.4015748031496,"CG44153","9",1.4807014672079,"[OG0009663]"
"5-HT1A10",5.90148242541482,52.8925619834711,"5-HT1A","10",0.857991283859604,"[OG0000006]"
"5-HT1B10",1.57593495795839,27.1349862258953,"5-HT1B","10",1.38702362917985,"[OG0000006]"
"AstC-R211",1.78615331743537,30.2654867256637,"AstC-R2","11",0.742576052186599,"[OG0000004]"
"CG1200411",2.25129020146513,42.3008849557522,"CG12004","11",0.786068239301962,"[OG0000897]"
"schlank11",1.81233125051071,38.4070796460177,"schlank","11",0.748736752765358,"[OG0001084]"
"Surf411",1.13649532929558,27.2566371681416,"Surf4","11",0.707387400107692,"[OG0002518]"
"CG3199811",1.24689373671878,27.2566371681416,"CG31998","11",0.775540751470131,"[OG0023874]"
"mGluR12",1.25602566264435,29.4559099437148,"mGluR","12",0.541723380539456,"[OG0000067]"
"GABA-B-R212",0.748411512306577,26.078799249531,"GABA-B-R2","12",0.538805559638303,"[OG0000127]"
"SLO212",1.91209271183087,43.5272045028143,"SLO2","12",1.17196973265929,"[OG0000661]"
"CG1527012",1.35563791469327,37.7110694183865,"CG15270","12",0.719368423922492,"[OG0000961]"
"CG126512",1.07401689687254,35.6472795497186,"CG1265","12",1.3643686070371,"[OG0002004]"
"Surf412",1.15865114432819,38.8367729831145,"Surf4","12",0.811092458111695,"[OG0002518]"
"tinc12",0.825924733788722,25.515947467167,"tinc","12",0.831496375021693,"[OG0007458]"
"CG1229012",0.9733844537811,25.703564727955,"CG12290","12",1.1895625757551,"[OG0019192]"
"5-HT1A13",15.754033616657,93.516699410609,"5-HT1A","13",2.5,"[OG0000006]"
"Dop1R113",4.07307702855136,57.7603143418468,"Dop1R1","13",1.79440316315937,"[OG0000006]"
"Dop1R213",8.80592933161024,83.6935166994106,"Dop1R2","13",2.5,"[OG0000006]"
"Oamb13",2.21587448307877,37.524557956778,"Oamb","13",1.81058257598237,"[OG0000006]"
"Octbeta1R13",8.59874318691886,79.1748526522593,"Octbeta1R","13",1.00136072907991,"[OG0000006]"
"slo13",18.0477742821224,95.4813359528487,"slo","13",2.5,"[OG0000012]"
"Cirl13",1.91665246663892,35.9528487229862,"Cirl","13",1.39932914734836,"[OG0000027]"
"fz16",6.07849123481669,70.9233791748527,"fz","13",2.5,"[OG0000195]"
"mAChR-B13",1.24157216419297,25.147347740668,"mAChR-B","13",1.19255696876369,"[OG0000499]"
"Shal13",1.70356770021259,32.8094302554028,"Shal","13",0.633978196457519,"[OG0001295]"
"CG3199813",1.44340716073231,28.0943025540275,"CG31998","13",1.46246035854573,"[OG0023874]"
"mGluR14",1.56967277515457,36.4224137931034,"mGluR","14",0.947943707807261,"[OG0000067]"
"CG4259414",2.1413300922103,47.198275862069,"CG42594","14",0.790108612591923,"[OG0000072]"
"mAChR-A14",10.1741807936078,86.8534482758621,"mAChR-A","14",2.5,"[OG0000499]"
"CG1322914",1.23998003811986,28.448275862069,"CG13229","14",1.82220975340261,"[OG0001884]"
"CG126514",0.969039437823249,30.3879310344828,"CG1265","14",0.956918306390498,"[OG0002004]"
"CG727214",0.976825430935311,30.1724137931034,"CG7272","14",0.969465717068391,"[OG0002046]"
"5-HT2A15",3.23655864696119,47.0997679814385,"5-HT2A","15",2.219590750063,"[OG0000006]"
"DopEcR15",11.5914751640817,84.6867749419954,"DopEcR","15",1.27904557115708,"[OG0000006]"
"GABA-B-R115",5.88898165410094,67.2853828306264,"GABA-B-R1","15",0.918807777741729,"[OG0000127]"
"CNMaR15",6.39141250058077,64.2691415313225,"CNMaR","15",2.5,"[OG0000225]"
"SLO215",1.48354176380844,25.0580046403712,"SLO2","15",0.613891556010726,"[OG0000661]"
"CG1527015",2.13650090958301,35.9628770301624,"CG15270","15",2.06937758007273,"[OG0000961]"
"Nmda116",3.12181366200183,50.2336448598131,"Nmda1","16",1.25546365242343,"[OG0000462]"
"AdipoR16",1.79656127654162,41.3551401869159,"AdipoR","16",1.05395095684577,"[OG0000706]"
"schlank16",2.0837947469302,27.1028037383178,"schlank","16",1.37804553427027,"[OG0001084]"
"rho16",6.39944761749359,25.7009345794392,"rho","16",2.31126846110946,"[OG0001261]"
"Baldspot16",5.52603895183674,34.3457943925234,"Baldspot","16",2.02268788218555,"[OG0001440]"
"CG727216",1.73492749660783,32.7102803738318,"CG7272","16",2.35250553095395,"[OG0002046]"
"CG683616",2.26624613788751,28.0373831775701,"CG6836","16",2.5,"[OG0002477]"
"Surf416",1.31121345471818,35.7476635514019,"Surf4","16",1.52519316823795,"[OG0002518]"
"KdelR16",1.2800389358411,31.7757009345794,"KdelR","16",0.935054784155972,"[OG0002743]"
"5-HT1A17",4.80999274480344,30.0970873786408,"5-HT1A","17",0.560446276807471,"[OG0000006]"
"DopEcR17",10.353457658523,77.4271844660194,"DopEcR","17",0.950434530917995,"[OG0000006]"
"Pdfr17",2.1615499046902,25.2427184466019,"Pdfr","17",1.25116944671079,"[OG0000081]"
"Ac317",1.90186905133384,31.7961165048544,"Ac3","17",0.812322716749028,"[OG0000187]"
"fz20",3.31794131662779,41.2621359223301,"fz","17",1.32724652238464,"[OG0000195]"
"AstC-R218",1.81126816109417,35.0125944584383,"AstC-R2","18",0.762003615211313,"[OG0000004]"
"Cirl18",1.98342637649837,50.8816120906801,"Cirl","18",1.52366526632668,"[OG0000027]"
"Pdfr18",1.78698829774724,36.272040302267,"Pdfr","18",0.857291314158663,"[OG0000081]"
"Nmda118",3.54456364659936,73.8035264483627,"Nmda1","18",1.78888158144139,"[OG0000462]"
"CG1200418",2.59781730991906,64.4836272040302,"CG12004","18",1.40987461754398,"[OG0000897]"
"CG1527018",1.4350296304077,38.0352644836272,"CG15270","18",0.856626232063458,"[OG0000961]"
"CG3176018",2.13309893899056,53.6523929471033,"CG31760","18",0.785468619529329,"[OG0001683]"
"CG126518",1.06456474783851,35.7682619647355,"CG1265","18",1.32768186494456,"[OG0002004]"
"Surf418",1.09868151534565,39.0428211586902,"Surf4","18",0.530391710115862,"[OG0002518]"
"KdelR18",1.39615234747186,44.8362720403023,"KdelR","18",1.29165034269524,"[OG0002743]"
"CG1229018",1.22985372159359,30.4785894206549,"CG12290","18",1.75201640034016,"[OG0019192]"
"Dop1R119",2.21581219638983,44.6428571428571,"Dop1R1","19",0.604341087835184,"[OG0000006]"
"Dop2R19",69.0292456039682,89.030612244898,"Dop2R","19",1.90917072276437,"[OG0000006]"
"Cirl19",2.00773123634713,46.6836734693878,"Cirl","19",1.56892204329642,"[OG0000027]"
"fz219",6.85718496886686,73.9795918367347,"fz2","19",1.30298085684095,"[OG0000195]"
"Nmda119",2.70346572506415,60.2040816326531,"Nmda1","19",0.727600143823453,"[OG0000462]"
"AdipoR19",1.70233158775373,48.469387755102,"AdipoR","19",0.801038486703276,"[OG0000706]"
"CG1200419",2.70803678178327,58.1632653061224,"CG12004","19",1.60828798226491,"[OG0000897]"
"schlank19",1.90193164757942,48.2142857142857,"schlank","19",0.956449087739976,"[OG0001084]"
"CG3176019",1.91248670550859,41.3265306122449,"CG31760","19",0.641661624303861,"[OG0001683]"
"Surf419",1.45325070234301,40.5612244897959,"Surf4","19",2.19002905813758,"[OG0002518]"
"KdelR19",1.15827450523122,32.6530612244898,"KdelR","19",0.561104397773194,"[OG0002743]"
"CG628219",1.12786117469196,29.3367346938776,"CG6282","19",1.69274069463601,"[OG0003480]"
"5-HT1A20",4.71049882143783,55.7291666666667,"5-HT1A","20",0.533323784808387,"[OG0000006]"
"5-HT2A20",1.62394060211241,30.46875,"5-HT2A","20",0.678798423280317,"[OG0000006]"
"CG4259420",1.82052679109143,33.8541666666667,"CG42594","20",0.55448932917472,"[OG0000072]"
"GABA-B-R120",7.79018932976358,71.875,"GABA-B-R1","20",1.72017342039551,"[OG0000127]"
"Nmda120",2.73163803147698,53.3854166666667,"Nmda1","20",0.763147426827383,"[OG0000462]"
"AstA-R121",2.06194361425081,40.5325443786982,"AstA-R1","21",1.62796699327804,"[OG0000004]"
"sNPF-R21",1.3969420050107,30.1775147928994,"sNPF-R","21",1.51786001879572,"[OG0000004]"
"5-HT2A21",2.9544108113249,52.6627218934911,"5-HT2A","21",1.95000972834778,"[OG0000006]"
"DopEcR21",9.38999594820953,81.3609467455621,"DopEcR","21",0.694699734410575,"[OG0000006]"
"Octbeta1R21",17.317498579402,96.7455621301775,"Octbeta1R","21",2.5,"[OG0000006]"
"mGluR21",2.84017799485234,50.887573964497,"mGluR","21",2.5,"[OG0000067]"
"CG4259421",2.768484836075,48.8165680473373,"CG42594","21",1.25073277333378,"[OG0000072]"
"Pdfr21",1.9642822397448,36.3905325443787,"Pdfr","21",1.04372848628836,"[OG0000081]"
"GABA-B-R121",5.85703425794983,72.189349112426,"GABA-B-R1","21",0.905341839235654,"[OG0000127]"
"fz221",5.32473950922268,63.6094674556213,"fz2","21",0.736324920524833,"[OG0000195]"
"FMRFaR21",2.59199107839215,47.9289940828402,"FMRFaR","21",2.5,"[OG0000291]"
"CG628221",1.61019620428026,35.5029585798817,"CG6282","21",2.5,"[OG0003480]"
"CG1378421",4.10513684947367,62.1301775147929,"CG13784","21",0.585571591156929,"[OG0003786]"
"CG3363921",5.64320452548604,63.0177514792899,"CG33639","21",1.0166208521899,"[OG0012955]"
"CG1229021",1.8110976728043,36.9822485207101,"CG12290","21",2.5,"[OG0019192]"
"CG3199821",1.19774511149548,27.5147928994083,"CG31998","21",0.60373999792787,"[OG0023874]"
"CG1399521",4.4504798589409,62.4260355029586,"CG13995","21",2.29669717338362,"[OG0180475]"
"AstC-R222",2.86628950038465,38.4615384615385,"AstC-R2","22",1.57811435195065,"[OG0000004]"
"5-HT2A22",2.37098451623185,36.6863905325444,"5-HT2A","22",1.39256913564567,"[OG0000006]"
"SPR22",2.81536183203848,38.7573964497041,"SPR","22",0.6944845643347,"[OG0004091]"
"5-HT1B23",1.68973120037141,34.7181008902077,"5-HT1B","23",1.55780138194058,"[OG0000006]"
"Dop1R123",5.20268045670174,68.2492581602374,"Dop1R1","23",2.5,"[OG0000006]"
"Dop1R223",12.0317234616151,89.9109792284866,"Dop1R2","23",2.5,"[OG0000006]"
"Cirl23",1.71532548030389,35.9050445103858,"Cirl","23",1.02444895568089,"[OG0000027]"
"mGluR23",2.04925745594196,39.4658753709199,"mGluR","23",1.56907821921054,"[OG0000067]"
"fz53",5.28553346052017,66.7655786350148,"fz","23",2.5,"[OG0000195]"
"SLO223",1.50758760934444,30.2670623145401,"SLO2","23",0.645205129565114,"[OG0000661]"
"KdelR23",1.46254623291886,29.9703264094956,"KdelR","23",1.49555240992457,"[OG0002743]"
"CG1378423",4.19740170784528,67.3590504451039,"CG13784","23",0.622546671334841,"[OG0003786]"
"CG3199823",1.4524494186481,30.2670623145401,"CG31998","23",1.4940678901216,"[OG0023874]"
"5-HT1A24",6.37371124195041,55.786350148368,"5-HT1A","24",0.986722987917124,"[OG0000006]"
"5-HT1B24",1.19416097308296,28.7833827893175,"5-HT1B","24",0.814082890390793,"[OG0000006]"
"5-HT2A24",2.45098882936876,43.026706231454,"5-HT2A","24",1.46901007104549,"[OG0000006]"
"mtt24",1.72730012104228,31.4540059347181,"mtt","24",1.95149552727261,"[OG0000067]"
"Ac324",2.1677838051361,43.9169139465875,"Ac3","24",1.23535431836889,"[OG0000187]"
"Nmda124",2.70122413855016,51.0385756676558,"Nmda1","24",0.724771752387456,"[OG0000462]"
"CG126524",0.880646721439625,25.2225519287834,"CG1265","24",0.613838571067813,"[OG0002004]"
"Surf424",1.17088015425192,28.1899109792285,"Surf4","24",0.868332969535207,"[OG0002518]"
"5-HT1A25",6.45967522364673,48.936170212766,"5-HT1A","25",1.01015715682813,"[OG0000006]"
"Dop1R125",5.2473826255195,53.7993920972644,"Dop1R1","25",2.5,"[OG0000006]"
"Cirl25",2.30196221906387,35.5623100303951,"Cirl","25",2.11679378768248,"[OG0000027]"
"mGluR25",1.80614339222597,27.6595744680851,"mGluR","25",1.25420883069385,"[OG0000067]"
"fz225",5.60612223491625,55.3191489361702,"fz2","25",0.840372468114614,"[OG0000195]"
"CG1200425",2.43049782967206,36.1702127659575,"CG12004","25",1.10867174932425,"[OG0000897]"
"Shal25",1.61946163915235,28.8753799392097,"Shal","25",0.516804139014325,"[OG0001295]"
"CG3199825",1.57011693148522,25.531914893617,"CG31998","25",1.9053788328187,"[OG0023874]"
"CG1399525",2.69936636370958,37.6899696048632,"CG13995","25",0.940252801504781,"[OG0180475]"
"DopEcR26",11.0227849443232,84.0909090909091,"DopEcR","26",1.12809626401921,"[OG0000006]"
"Pdfr26",1.97695553773639,32.4675324675325,"Pdfr","26",1.05705535923443,"[OG0000081]"
"Nmda126",2.93088560141302,53.8961038961039,"Nmda1","26",1.01455423933934,"[OG0000462]"
"schlank26",2.08925104892996,43.8311688311688,"schlank","26",1.39069437585775,"[OG0001084]"
"KdelR26",1.18952502201537,25.3246753246753,"KdelR","26",0.657077768383642,"[OG0002743]"
"PGAP326",0.89270538512035,25.3246753246753,"PGAP3","26",2.28379318611113,"[OG0006400]"
"Dop2R27",41.1443212674882,94.4805194805195,"Dop2R","27",0.740625172937521,"[OG0000006]"
"TyrR27",1.68715836991999,27.2727272727273,"TyrR","27",2.5,"[OG0000006]"
"CG4259427",2.05117207504596,29.2207792207792,"CG42594","27",0.723890567688745,"[OG0000072]"
"Pdfr27",1.88524858990988,30.1948051948052,"Pdfr","27",0.960618990203522,"[OG0000081]"
"SLO227",1.75659442573168,29.8701298701299,"SLO2","27",0.969472922469827,"[OG0000661]"
"CG3199827",1.69510616848709,25.6493506493506,"CG31998","27",2.34228312066061,"[OG0023874]"
"DopEcR28",15.6929995505777,92.1232876712329,"DopEcR","28",2.3677266190105,"[OG0000006]"
"CG4415328",2.95195929837976,45.2054794520548,"CG44153","28",1.27732299018693,"[OG0009663]"
"AstA-R129",4.52581315387431,45.583038869258,"AstA-R1","29",2.5,"[OG0000004]"
"DopEcR29",11.1791819155567,67.4911660777385,"DopEcR","29",1.1696092241967,"[OG0000006]"
"Octbeta1R29",11.5054644556884,42.0494699646643,"Octbeta1R","29",1.52425595878771,"[OG0000006]"
"Octbeta3R29",4.58498843359654,49.8233215547703,"Octbeta3R","29",0.942765867854752,"[OG0000006]"
"slo29",17.8451835817926,75.2650176678445,"slo","29",2.5,"[OG0000012]"
"Pdfr29",2.68239650215964,32.8621908127208,"Pdfr","29",1.79887663654199,"[OG0000081]"
"bbc29",3.23939350691916,38.5159010600707,"bbc","29",0.899285441559516,"[OG0000882]"
"Shal29",1.85482990198096,29.3286219081272,"Shal","29",0.844712187510752,"[OG0001295]"
"5-HT2A30",4.5725201414562,52.7272727272727,"5-HT2A","30",2.5,"[OG0000006]"
"DopEcR30",10.3472594439934,76.7272727272727,"DopEcR","30",0.948789318540099,"[OG0000006]"
"Oamb30",1.52579189465285,25.0909090909091,"Oamb","30",1.02825601088347,"[OG0000006]"
"GABA-B-R130",6.78390297902865,68,"GABA-B-R1","30",1.29602022636353,"[OG0000127]"
"CG1527030",1.69066223577369,29.4545454545455,"CG15270","30",1.29858129987067,"[OG0000961]"
"CG1378430",4.36926818176822,54.9090909090909,"CG13784","30",0.691422045614407,"[OG0003786]"
"CG4415330",3.37286828588617,40.3636363636364,"CG44153","30",1.58107911477856,"[OG0009663]"
"sNPF-R31",2.34334712219161,34.0659340659341,"sNPF-R","31",2.5,"[OG0000004]"
"5-HT2A31",1.93758772924023,30.03663003663,"5-HT2A","31",0.978475763701798,"[OG0000006]"
"Dop2R31",42.1232001758213,95.6043956043956,"Dop2R","31",0.781646069331189,"[OG0000006]"
"mtt31",3.31935808570885,44.6886446886447,"mtt","31",2.5,"[OG0000067]"
"GABA-B-R131",7.16449169463161,73.992673992674,"GABA-B-R1","31",1.45643969266915,"[OG0000127]"
"SLO231",3.33391442838824,45.0549450549451,"SLO2","31",2.5,"[OG0000661]"
"rho31",3.54706434353061,42.4908424908425,"rho","31",1.08576768304602,"[OG0001261]"
"SPR31",3.73478506348631,44.6886446886447,"SPR","31",1.13044040910253,"[OG0004091]"
"CG4415331",2.68163044985753,38.8278388278388,"CG44153","31",1.08223558214916,"[OG0009663]"
"5-HT1B32",0.987277775929313,29.4776119402985,"5-HT1B","32",0.503606492008312,"[OG0000006]"
"Dop2R32",36.4437469248913,82.4626865671642,"Dop2R","32",0.543642919609837,"[OG0000006]"
"Cirl32",1.71284589257752,44.7761194029851,"Cirl","32",1.01983184826257,"[OG0000027]"
"mGluR32",1.22878364921335,28.3582089552239,"mGluR","32",0.506440863436689,"[OG0000067]"
"SLO232",1.52840326223771,35.8208955223881,"SLO2","32",0.672312202052135,"[OG0000661]"
"AdipoR32",1.60300817266226,45.1492537313433,"AdipoR","32",0.534454455949241,"[OG0000706]"
"CG1200432",2.43467494444197,54.8507462686567,"CG12004","32",1.11619125002865,"[OG0000897]"
"CG126532",0.944473832650801,29.8507462686567,"CG1265","32",0.861571521435642,"[OG0002004]"
"KdelR32",1.35537729571465,39.5522388059701,"KdelR","32",1.16642620061192,"[OG0002743]"
"CG3199832",1.38284807272205,35.4477611940299,"CG31998","32",1.25077392974483,"[OG0023874]"
"CG1399532",3.17558071764432,60.8208955223881,"CG13995","32",1.30913710395678,"[OG0180475]"
"5-HT2A33",4.26109406358489,50.78125,"5-HT2A","33",2.5,"[OG0000006]"
"Dop2R33",95.5539869236471,89.0625,"Dop2R","33",2.5,"[OG0000006]"
"DopEcR33",12.0971253180815,87.109375,"DopEcR","33",1.41326194722357,"[OG0000006]"
"Pdfr33",1.66442238565107,28.90625,"Pdfr","33",0.728404552472116,"[OG0000081]"
"GABA-B-R333",1.51245614509955,26.5625,"GABA-B-R3","33",2.31659015107211,"[OG0000127]"
"fz63",2.78556521821205,37.890625,"fz","33",0.952528486440494,"[OG0000195]"
"CG1229033",2.41368500343221,33.59375,"CG12290","33",2.5,"[OG0019192]"
"Octbeta1R34",8.06055234921451,85.7142857142857,"Octbeta1R","34",0.904544627470286,"[OG0000006]"
"GABA-B-R134",8.56018377945969,83.1932773109244,"GABA-B-R1","34",2.04472875694259,"[OG0000127]"
"GABA-B-R234",0.829172916510539,28.9915966386555,"GABA-B-R2","34",0.871914202615893,"[OG0000127]"
"FMRFaR34",1.59274694569149,45.3781512605042,"FMRFaR","34",2.5,"[OG0000291]"
"Nmda134",4.82728610877776,78.1512605042017,"Nmda1","34",2.5,"[OG0000462]"
"CG1527034",1.27847223702375,38.2352941176471,"CG15270","34",0.585959142043153,"[OG0000961]"
"CG370234",0.90089765811693,32.3529411764706,"CG3702","34",2.09538524814789,"[OG0001600]"
"PGAP334",0.690751068753775,26.0504201680672,"PGAP3","34",1.24143386750036,"[OG0006400]"
"CG3363934",9.11983465421799,85.7142857142857,"CG33639","34",2.0673216251803,"[OG0012955]"
"5-HT1A35",6.17554346700255,50,"5-HT1A","35",0.932701559183745,"[OG0000006]"
"Dop2R35",65.2303538888163,95.7627118644068,"Dop2R","35",1.74997437873099,"[OG0000006]"
"Pdfr35",2.37498736796611,33.8983050847458,"Pdfr","35",1.47561409852097,"[OG0000081]"
"GABA-B-R135",6.42568752554893,66.9491525423729,"GABA-B-R1","35",1.14503116779777,"[OG0000127]"
"SLO235",1.61844938052187,27.5423728813559,"SLO2","35",0.789574277280762,"[OG0000661]"
"SPR35",2.45344740058109,27.5423728813559,"SPR","35",0.522878380911185,"[OG0004091]"
"Dop1R136",4.19648012304053,44.3965517241379,"Dop1R1","36",1.87347500051187,"[OG0000006]"
"Dop1R236",3.47551793183786,42.2413793103448,"Dop1R2","36",0.977716734072854,"[OG0000006]"
"Dop2R36",39.372083348699,88.3620689655172,"Dop2R","36",0.666357776395722,"[OG0000006]"
"Cirl36",1.71339329516964,32.7586206896552,"Cirl","36",1.02085113729274,"[OG0000027]"
"mGluR36",1.26712819228109,25.8620689655172,"mGluR","36",0.556102831338293,"[OG0000067]"
"fz236",16.9364989222593,90.948275862069,"fz2","36",2.5,"[OG0000195]"
"CG1527036",2.99896992765931,46.1206896551724,"CG15270","36",2.5,"[OG0000961]"
"CG3199836",1.29602228469799,28.0172413793103,"CG31998","36",0.947271324297299,"[OG0023874]"
"Octbeta2R37",8.01013376131729,61.0859728506787,"Octbeta2R","37",0.505102815497466,"[OG0000006]"
"Octbeta3R37",7.38609380766804,66.5158371040724,"Octbeta3R","37",1.97402626823252,"[OG0000006]"
"fz67",2.14960400081261,29.4117647058824,"fz","37",0.504901068474656,"[OG0000195]"
"fz237",5.71428011779963,50.6787330316742,"fz2","37",0.880366261048345,"[OG0000195]"
"SLO237",1.95557465080183,28.9592760180996,"SLO2","37",1.22859385478534,"[OG0000661]"
"CG3176037",3.33613773922815,35.2941176470588,"CG31760","37",1.56967442838791,"[OG0001683]"
"sNPF-R38",1.50368419964047,28.5714285714286,"sNPF-R","38",1.68962820238013,"[OG0000004]"
"Octbeta1R38",11.3320273700022,83.8709677419355,"Octbeta1R","38",1.49305605471224,"[OG0000006]"
"mGluR38",2.04262210841769,38.7096774193548,"mGluR","38",1.56048444316307,"[OG0000067]"
"Dh44-R238",2.04026246254147,35.0230414746544,"Dh44-R2","38",2.5,"[OG0000081]"
"Pdfr38",2.21253100721243,35.4838709677419,"Pdfr","38",1.30477969689311,"[OG0000081]"
"GABA-B-R138",15.5239126789005,90.7834101382488,"GABA-B-R1","38",2.5,"[OG0000127]"
"SLO238",3.92372408613315,57.6036866359447,"SLO2","38",2.5,"[OG0000661]"
"Shal38",2.49820440532224,43.3179723502304,"Shal","38",1.74104236944617,"[OG0001295]"
"Surf438",1.23148061867092,27.6497695852535,"Surf4","38",1.15198647848484,"[OG0002518]"
"SPR38",4.65880782521259,63.594470046083,"SPR","38",1.56857717777951,"[OG0004091]"
"CG163638",1.66132842432991,30.8755760368664,"CG1636","38",2.5,"[OG0023819]"
"CG1399538",2.97128766959001,47.4654377880184,"CG13995","38",1.15088799217626,"[OG0180475]"
"Dop2R39",49.2345116384711,93.4272300469484,"Dop2R","39",1.07965266468138,"[OG0000006]"
"Cirl39",2.4687528183979,52.112676056338,"Cirl","39",2.42736562400166,"[OG0000027]"
"mGluR39",1.73163731838355,38.0281690140845,"mGluR","39",1.15771222513775,"[OG0000067]"
"Nmda139",2.85293699535397,59.1549295774648,"Nmda1","39",0.916200163576471,"[OG0000462]"
"AdipoR39",1.7936260380797,46.0093896713615,"AdipoR","39",1.04607277726767,"[OG0000706]"
"CG1200439",3.00945293094472,66.6666666666667,"CG12004","39",2.15088713761225,"[OG0000897]"
"schlank39",1.90213222422987,48.8262910798122,"schlank","39",0.956914066085702,"[OG0001084]"
"CG126539",1.15776761521138,34.7417840375587,"CG1265","39",1.68943129835743,"[OG0002004]"
"KdelR39",1.14961005449023,35.6807511737089,"KdelR","39",0.534495028467557,"[OG0002743]"
"Dop1R240",3.07752066726098,38.2075471698113,"Dop1R2","40",0.802596605321046,"[OG0000006]"
"AdipoR40",1.92278328933572,36.3207547169811,"AdipoR","40",1.3927308196762,"[OG0000706]"
"schlank40",2.20943017154604,44.811320754717,"schlank","40",1.66929454941105,"[OG0001084]"
"rho40",2.68250708515395,33.0188679245283,"rho","40",0.714318445318245,"[OG0001261]"
"Shal40",1.77860587142443,39.622641509434,"Shal","40",0.738519140037207,"[OG0001295]"
"CG474340",1.22617624338109,29.2452830188679,"CG4743","40",2.5,"[OG0003496]"
"CG3363940",5.69632013263587,57.5471698113208,"CG33639","40",1.03267335344074,"[OG0012955]"
"AstC-R241",3.41906365958664,34.1463414634146,"AstC-R2","41",2.00571226823564,"[OG0000004]"
"Dop1R141",2.43694444985857,35.1219512195122,"Dop1R1","41",0.746033916949837,"[OG0000006]"
"DopEcR41",12.0104937226183,89.7560975609756,"DopEcR","41",1.39026703917509,"[OG0000006]"
"Octbeta3R41",4.37459129346054,53.1707317073171,"Octbeta3R","41",0.86530564769188,"[OG0000006]"
"Ac341",1.76701689072481,28.780487804878,"Ac3","41",0.597792591328611,"[OG0000187]"
"SLO241",1.8477936314284,32.1951219512195,"SLO2","41",1.08823659960527,"[OG0000661]"
"mAChR-A42",7.5120855412644,76.1658031088083,"mAChR-A","42",1.78553628249287,"[OG0000499]"
"AdipoR42",1.65447224953465,29.5336787564767,"AdipoR","42",0.672584030320428,"[OG0000706]"
"sNPF-R43",1.62820447101924,25.9887005649718,"sNPF-R","43",1.89000464122286,"[OG0000004]"
"Oamb43",1.43986169554475,30.5084745762712,"Oamb","43",0.930839442730602,"[OG0000006]"
"Pdfr43",2.12736525531083,39.5480225988701,"Pdfr","43",1.21522185995893,"[OG0000081]"
"ru43",1.9760126102818,36.7231638418079,"ru","43",2.5,"[OG0000187]"
"KCNQ43",3.12485985973833,48.0225988700565,"KCNQ","43",2.5,"[OG0000436]"
"SLO243",3.16045020119788,48.0225988700565,"SLO2","43",2.5,"[OG0000661]"
"CG1527043",2.25379289491683,37.8531073446328,"CG15270","43",2.27215995698132,"[OG0000961]"
"CG163643",1.51891724898351,32.2033898305085,"CG1636","43",2.5,"[OG0023819]"
"Dop1R144",2.05742873943824,44,"Dop1R1","44",0.502855213439198,"[OG0000006]"
"DopEcR44",12.1337328786583,94.8571428571429,"DopEcR","44",1.42297881189449,"[OG0000006]"
"Pdfr44",2.51342095263832,48,"Pdfr","44",1.6211868449063,"[OG0000081]"
"GABA-B-R244",0.969360173464987,26.2857142857143,"GABA-B-R2","44",1.45013083204587,"[OG0000127]"
"ru44",2.37973813274123,40.5714285714286,"ru","44",2.5,"[OG0000187]"
"mAChR-A44",5.1767653430526,77.1428571428572,"mAChR-A","44",0.928760445858187,"[OG0000499]"
"mAChR-B44",1.24733187787945,30.8571428571429,"mAChR-B","44",1.20075565388476,"[OG0000499]"
"SLO244",1.94774137896179,44.5714285714286,"SLO2","44",1.21839301848839,"[OG0000661]"
"Shal44",2.3123267881156,52,"Shal","44",1.48208321333523,"[OG0001295]"
"CG126544",0.922573462115575,27.4285714285714,"CG1265","44",0.776569344400092,"[OG0002004]"
"CG4415344",2.27145114442533,39.4285714285714,"CG44153","44",0.786222714987762,"[OG0009663]"
"CG163644",1.15257389182324,36,"CG1636","44",1.47009366263471,"[OG0023819]"
"CG3199844",1.19456486817286,28.5714285714286,"CG31998","44",0.592623345187496,"[OG0023874]"
"CG1399544",5.44505480513301,76.5714285714286,"CG13995","44",2.5,"[OG0180475]"
"AstC-R145",2.95478163641007,51.497005988024,"AstC-R1","45",2.5,"[OG0000004]"
"AstC-R245",1.7821480442473,27.5449101796407,"AstC-R2","45",0.73947777698531,"[OG0000004]"
"5-HT1A45",24.9997228246744,97.0059880239521,"5-HT1A","45",2.5,"[OG0000006]"
"5-HT1B45",4.68663645668484,64.6706586826347,"5-HT1B","45",2.5,"[OG0000006]"
"Octbeta2R45",62.2259806241021,99.4011976047904,"Octbeta2R","45",2.5,"[OG0000006]"
"slo45",9.62098813822872,89.2215568862275,"slo","45",0.734575371833379,"[OG0000012]"
"CG4259445",10.6159163817021,82.0359281437126,"CG42594","45",2.5,"[OG0000072]"
"GABA-B-R145",9.59020463812771,83.8323353293413,"GABA-B-R1","45",2.47888612855409,"[OG0000127]"
"GABA-B-R245",1.09610277183983,28.7425149700599,"GABA-B-R2","45",1.97289359686204,"[OG0000127]"
"Ac345",2.79710151064752,47.9041916167665,"Ac3","45",2.23650703021958,"[OG0000187]"
"Atet45",1.42261216614885,32.9341317365269,"Atet","45",0.887366346526387,"[OG0000777]"
"Shal45",1.69378703699817,37.7245508982036,"Shal","45",0.620352067985065,"[OG0001295]"
"Baldspot45",2.95286327125027,56.2874251497006,"Baldspot","45",0.615004378949478,"[OG0001440]"
"CG4379545",12.5919481614626,89.2215568862275,"CG43795","45",2.5,"[OG0001683]"
"KdelR45",1.27229374673984,29.3413173652695,"KdelR","45",0.911268556580998,"[OG0002743]"
"CG1378445",19.2684294953324,92.814371257485,"CG13784","45",2.5,"[OG0003786]"
"PGAP345",1.19903619904911,27.5449101796407,"PGAP3","45",2.5,"[OG0006400]"
"CG3363945",11.0158583964007,80.2395209580838,"CG33639","45",2.5,"[OG0012955]"
"CG3199845",1.27208995653694,28.7425149700599,"CG31998","45",0.863615026823885,"[OG0023874]"
"CG1399545",7.46327288359439,85.6287425149701,"CG13995","45",2.5,"[OG0180475]"
"DopEcR46",10.6383082413866,78.0487804878049,"DopEcR","46",1.02604335383626,"[OG0000006]"
"Oamb46",2.88277183528353,46.9512195121951,"Oamb","46",2.5,"[OG0000006]"
"mGluR46",1.53419235959841,32.3170731707317,"mGluR","46",0.901991217113284,"[OG0000067]"
"Pdfr46",1.51730269556728,31.7073170731707,"Pdfr","46",0.573697749324843,"[OG0000081]"
"fz76",6.14079455134319,67.0731707317073,"fz","46",2.5,"[OG0000195]"
"mAChR-A46",7.15451949981752,81.0975609756098,"mAChR-A","46",1.65435343889506,"[OG0000499]"
"Atet46",1.24030763294798,28.0487804878049,"Atet","46",0.542523358585269,"[OG0000777]"
"CG1527046",2.1452273769929,45.1219512195122,"CG15270","46",2.08446449158129,"[OG0000961]"
"schlank46",2.05077403679433,41.4634146341463,"schlank","46",1.30149666809079,"[OG0001084]"
"CG4379546",8.30360835484582,85.3658536585366,"CG43795","46",2.5,"[OG0001683]"
"Surf446",1.20064513925753,35.9756097560976,"Surf4","46",1.00765438433988,"[OG0002518]"
"CG628246",1.3607416765367,32.3170731707317,"CG6282","46",2.31119986146139,"[OG0003480]"
"CG4415346",7.15807169707325,79.2682926829268,"CG44153","46",2.5,"[OG0009663]"
"CG3363946",10.6381198695313,81.0975609756098,"CG33639","46",2.5,"[OG0012955]"
"CG1399546",2.74103962352395,50,"CG13995","46",0.972533666729664,"[OG0180475]"
"AstA-R147",1.20034250998002,27.3333333333333,"AstA-R1","47",0.720788266626331,"[OG0000004]"
"5-HT2A47",2.58232384757216,42,"5-HT2A","47",1.59449545112794,"[OG0000006]"
"Octbeta1R47",27.7115484223029,100,"Octbeta1R","47",2.5,"[OG0000006]"
"GABA-B-R147",5.19296955987638,71.3333333333333,"GABA-B-R1","47",0.625436261140487,"[OG0000127]"
"AdipoR47",1.6562875571238,38.6666666666667,"AdipoR","47",0.677456315609124,"[OG0000706]"
"Atet47",1.96965486096181,38,"Atet","47",1.92213950382805,"[OG0000777]"
"CG126547",1.0858227179364,25.3333333333333,"CG1265","47",1.41019068527575,"[OG0002004]"
"CG3363947",8.19517026737305,68.6666666666667,"CG33639","47",1.78787125225005,"[OG0012955]"
"CG1399547",2.67525950255756,44.6666666666667,"CG13995","47",0.921579188273898,"[OG0180475]"
"Dop1R148",5.28209638287578,49.3333333333333,"Dop1R1","48",2.5,"[OG0000006]"
"List48",9.42942265256035,63.3333333333333,"List","48",2.5,"[OG0000014]"
"Dh44-R248",3.378475478858,46,"Dh44-R2","48",2.5,"[OG0000081]"
"wtrw48",10.5649888554348,75.3333333333333,"wtrw","48",2.5,"[OG0000181]"
"mthl177",1.04808123245063,25.3333333333333,"mthl1","48",2.5,"[OG0000248]"
"schlank48",1.86025950371486,34,"schlank","48",0.859844400833645,"[OG0001084]"
"SCAP48",2.83960964415351,50.6666666666667,"SCAP","48",2.5,"[OG0002754]"
"SPR48",6.39072442237972,36,"SPR","48",2.38978675500159,"[OG0004091]"
"CG461548",4.65619663443064,56.6666666666667,"CG4615","48",2.5,"[OG0004335]"
"Proc-R48",1.23130527205095,25.3333333333333,"Proc-R","48",2.5,"[OG0045551]"
"Dop1R149",2.953473660828,44.7552447552448,"Dop1R1","49",1.0770054693786,"[OG0000006]"
"Dop2R49",74.3544821237841,99.3006993006993,"Dop2R","49",2.13233006728751,"[OG0000006]"
"DopEcR49",10.306163258587,88.8111888111888,"DopEcR","49",0.937881023483181,"[OG0000006]"
"mGluR49",2.33692679922236,39.1608391608392,"mGluR","49",1.94165341633902,"[OG0000067]"
"mtt49",1.56332342577613,29.3706293706294,"mtt","49",1.69453554210016,"[OG0000067]"
"GABA-B-R149",5.5903494442821,66.4335664335664,"GABA-B-R1","49",0.792933263451653,"[OG0000127]"
"Ac349",1.75621224800031,36.3636363636364,"Ac3","49",0.580603980124004,"[OG0000187]"
"fz79",2.86452981410331,51.7482517482517,"fz","49",1.00810847654439,"[OG0000195]"
"fz249",7.36990499247612,69.9300699300699,"fz2","49",1.49257053732053,"[OG0000195]"
"SLO249",1.42077313281109,29.3706293706294,"SLO2","49",0.532151442497102,"[OG0000661]"
"AstC-R150",2.87058858656421,40.7407407407407,"AstC-R1","50",2.5,"[OG0000004]"
"AstC-R250",4.63948855557909,50.3703703703704,"AstC-R2","50",2.5,"[OG0000004]"
"5-HT2A50",3.15384823576936,40.7407407407407,"5-HT2A","50",2.14056424572956,"[OG0000006]"
"DopEcR50",9.38778791366409,80.7407407407407,"DopEcR","50",0.694113648571239,"[OG0000006]"
"Octbeta1R50",6.8794808356372,57.7777777777778,"Octbeta1R","50",0.692079584114143,"[OG0000006]"
"Pdfr50",2.76998273390134,41.4814814814815,"Pdfr","50",1.89097977994012,"[OG0000081]"
"fz250",6.59344930836206,60,"fz2","50",1.20545870575702,"[OG0000195]"
"Nmda150",2.6322071073185,46.6666666666667,"Nmda1","50",0.637687368690528,"[OG0000462]"
"SLO250",1.56817361998714,30.3703703703704,"SLO2","50",0.724102937412507,"[OG0000661]"
"Shal50",2.57766511602394,42.962962962963,"Shal","50",1.85174466322699,"[OG0001295]"
"CG1322950",4.17331925886418,58.5185185185185,"CG13229","50",2.5,"[OG0001884]"
"CG1378450",3.99775757301118,52.5925925925926,"CG13784","50",0.542539418055277,"[OG0003786]"
"CG4415350",2.30320351356051,30.3703703703704,"CG44153","50",0.80913735183656,"[OG0009663]"
"CG3363950",4.83044816289943,51.1111111111111,"CG33639","50",0.770991116842098,"[OG0012955]"
"Dop1R251",4.09349343084658,51.5873015873016,"Dop1R2","51",1.2496280223751,"[OG0000006]"
"Dop2R51",40.5981277088065,93.6507936507936,"Dop2R","51",0.717736387418868,"[OG0000006]"
"DopEcR51",16.038797418551,92.8571428571429,"DopEcR","51",2.45951287937997,"[OG0000006]"
"mGluR51",2.2624285788237,32.5396825396825,"mGluR","51",1.84516698217737,"[OG0000067]"
"Ac351",1.84503488827708,27.7777777777778,"Ac3","51",0.721907850026344,"[OG0000187]"
"fz81",4.46783246261599,57.1428571428571,"fz","51",2.13660846229235,"[OG0000195]"
"schlank51",1.97443435976592,31.7460317460317,"schlank","51",1.12452543709703,"[OG0001084]"
"CG3176051",2.17887547675652,34.9206349206349,"CG31760","51",0.815308244667282,"[OG0001683]"
"mth52",1.13817645682496,32.2314049586777,"mth","52",2.5,"[OG0000248]"
"mthl252",3.69425110831961,58.6776859504132,"mthl2","52",2.5,"[OG0000248]"
"Tre152",1.0278612380061,30.5785123966942,"Tre1","52",2.5,"[OG0000253]"
"Nmda152",3.48026039094261,61.9834710743802,"Nmda1","52",1.7077449505455,"[OG0000462]"
"Vha100-252",1.16422969637924,33.8842975206612,"Vha100-2","52",2.5,"[OG0000477]"
"AdipoR52",3.08522378570675,54.5454545454545,"AdipoR","52",2.5,"[OG0000706]"
"CG1764652",3.00544686362285,57.0247933884297,"CG17646","52",2.5,"[OG0000777]"
"CG3209152",3.69135843641371,52.8925619834711,"CG32091","52",2.5,"[OG0000777]"
"schlank52",3.03103650332991,52.0661157024793,"schlank","52",2.5,"[OG0001084]"
"Surf452",1.92871015781229,47.9338842975207,"Surf4","52",2.5,"[OG0002518]"
"KdelR52",2.64510913456947,54.5454545454545,"KdelR","52",2.5,"[OG0002743]"
"aph-152",0.789051540345984,27.2727272727273,"aph-1","52",2.5,"[OG0004131]"
"CG383152",2.14213423925638,43.801652892562,"CG3831","52",2.5,"[OG0006476]"
"bwa52",1.15775400771995,31.404958677686,"bwa","52",2.5,"[OG0006520]"
"AstA-R153",2.98863873185964,47.5,"AstA-R1","53",2.5,"[OG0000004]"
"5-HT1A53",6.38770806164804,67.5,"5-HT1A","53",0.990538584060282,"[OG0000006]"
"Octbeta1R53",24.1975648585225,97.5,"Octbeta1R","53",2.5,"[OG0000006]"
"CG4259453",1.93924084399192,29.1666666666667,"CG42594","53",0.641680826202369,"[OG0000072]"
"Pdfr53",3.18116467170609,49.1666666666667,"Pdfr","53",2.32336679131462,"[OG0000081]"
"Atet53",2.9927554371155,43.3333333333333,"Atet","53",2.5,"[OG0000777]"
"Shal53",1.83048939944351,35,"Shal","53",0.810801724857216,"[OG0001295]"
"CG4415353",5.03701788945287,60.8333333333333,"CG44153","53",2.5,"[OG0009663]"
"CG3363953",7.47393642056618,65,"CG33639","53",1.56990128354843,"[OG0012955]"
"AstC-R254",6.61771704936477,45.5445544554455,"AstC-R2","54",2.5,"[OG0000004]"
"5-HT2A54",1.86957614485703,38.6138613861386,"5-HT2A","54",0.913493403071088,"[OG0000006]"
"Dop1R154",5.97708114016099,56.4356435643564,"Dop1R1","54",2.5,"[OG0000006]"
"Dop1R254",4.59504563181234,69.3069306930693,"Dop1R2","54",1.47031266979912,"[OG0000006]"
"Octbeta2R54",8.50390132255765,80.1980198019802,"Octbeta2R","54",0.57024354773245,"[OG0000006]"
"Cirl54",2.2280240513189,43.5643564356436,"Cirl","54",1.97911748804499,"[OG0000027]"
"CG4259454",1.86307830520911,31.6831683168317,"CG42594","54",0.585741991568647,"[OG0000072]"
"Ac354",2.34152159914928,48.5148514851485,"Ac3","54",1.51174581681863,"[OG0000187]"
"fz254",8.71651357852297,87.1287128712871,"fz2","54",1.99050913890369,"[OG0000195]"
"CNMaR54",2.58650713146163,33.6633663366337,"CNMaR","54",2.5,"[OG0000225]"
"mAChR-B54",2.64204035475134,57.4257425742574,"mAChR-B","54",2.5,"[OG0000499]"
"AdipoR54",2.09581041952982,44.5544554455446,"AdipoR","54",1.857135610374,"[OG0000706]"
"CG1200454",3.28417406250653,60.3960396039604,"CG12004","54",2.5,"[OG0000897]"
"CG3176054",11.7511781744573,90.0990099009901,"CG31760","54",2.5,"[OG0001683]"
"KdelR54",1.32311728294672,32.6732673267327,"KdelR","54",1.06735256984094,"[OG0002743]"
"CG628254",1.24749252708643,33.6633663366337,"CG6282","54",2.01044486455147,"[OG0003480]"
"CG1378454",3.93896068884911,68.3168316831683,"CG13784","54",0.518976606119361,"[OG0003786]"
"CG1357954",1.68373004543444,35.6435643564356,"CG13579","54",2.5,"[OG0015066]"
"CG163654",1.30658270722326,32.6732673267327,"CG1636","54",1.9976739818976,"[OG0023819]"
"TkR99D55",0.863850295221672,32.258064516129,"TkR99D","55",2.5,"[OG0000004]"
"Dop2R55",78.7732839359539,100,"Dop2R","55",2.31750436185866,"[OG0000006]"
"Octbeta2R55",11.52046924474,95.6989247311828,"Octbeta2R","55",0.968206999997126,"[OG0000006]"
"slo55",27.3354174271351,100,"slo","55",2.5,"[OG0000012]"
"Dh44-R155",0.819571150369788,32.258064516129,"Dh44-R1","55",1.27034310385159,"[OG0000081]"
"Pdfr55",3.16784374439001,67.741935483871,"Pdfr","55",2.30935889013664,"[OG0000081]"
"Trpm55",0.794893992760465,30.1075268817204,"Trpm","55",1.15640643194886,"[OG0000107]"
"fz85",3.75874000828779,73.1182795698925,"fz","55",1.63750692001917,"[OG0000195]"
"mAChR-A55",4.19722937123008,75.2688172043011,"mAChR-A","55",0.569390988764197,"[OG0000499]"
"mAChR-B55",2.89368293957536,65.5913978494624,"mAChR-B","55",2.5,"[OG0000499]"
"AdipoR55",1.74165114023687,52.6881720430108,"AdipoR","55",0.906572159490762,"[OG0000706]"
"CG1527055",1.23675704398462,41.9354838709677,"CG15270","55",0.513839073706004,"[OG0000961]"
"schlank55",1.97520901838764,52.6881720430108,"schlank","55",1.12632125671826,"[OG0001084]"
"Shal55",4.7845846114067,82.7956989247312,"Shal","55",2.5,"[OG0001295]"
"CG126555",1.5173343422097,47.3118279569892,"CG1265","55",2.5,"[OG0002004]"
"KdelR55",1.17485908923925,36.5591397849462,"KdelR","55",0.612037265169169,"[OG0002743]"
"CG628255",0.874790182621838,32.258064516129,"CG6282","55",1.02066178007017,"[OG0003480]"
"PGAP355",0.576675329169884,30.1075268817204,"PGAP3","55",0.652647688913068,"[OG0006400]"
"bwa55",1.11276223477821,39.7849462365591,"bwa","55",2.5,"[OG0006520]"
"CG163655",0.936273064543961,33.3333333333333,"CG1636","55",0.729122704469585,"[OG0023819]"
"Or63a55",1.03526962991804,29.0322580645161,"Or63a","55",2.5,"[OG0069689]"
"AstA-R156",1.70790577349316,46.9879518072289,"AstA-R1","56",1.25520099289452,"[OG0000004]"
"AstC-R156",2.39275092362111,56.6265060240964,"AstC-R1","56",2.5,"[OG0000004]"
"AstC-R256",6.18120243388117,72.289156626506,"AstC-R2","56",2.5,"[OG0000004]"
"Oamb56",5.48195787079333,75.9036144578313,"Oamb","56",2.5,"[OG0000006]"
"Octbeta1R56",20.4884221248771,91.566265060241,"Octbeta1R","56",2.5,"[OG0000006]"
"Pdfr56",3.62963578134755,71.0843373493976,"Pdfr","56",2.5,"[OG0000081]"
"GABA-B-R256",0.812109484630649,30.1204819277108,"GABA-B-R2","56",0.801534338693569,"[OG0000127]"
"Ac356",3.63804317457918,73.4939759036145,"Ac3","56",2.5,"[OG0000187]"
"Nmda156",3.64174225414595,73.4939759036145,"Nmda1","56",1.9114997091078,"[OG0000462]"
"Atet56",2.69075575906356,59.0361445783133,"Atet","56",2.5,"[OG0000777]"
"Shal56",1.90046302557161,50.6024096385542,"Shal","56",0.908286895177693,"[OG0001295]"
"CG370256",0.870566411261543,30.1204819277108,"CG3702","56",1.88591591807929,"[OG0001600]"
"CG4379556",5.65400121761163,77.1084337349398,"CG43795","56",1.63342512696598,"[OG0001683]"
"Surf456",1.10393363781776,40.9638554216867,"Surf4","56",0.554975399084744,"[OG0002518]"
"SCAP56",1.11979598377765,33.7349397590361,"SCAP","56",0.790856565149042,"[OG0002754]"
"SPR56",15.1513025846439,90.3614457831325,"SPR","56",2.5,"[OG0004091]"
"CG3363956",15.6471841546323,79.5180722891566,"CG33639","56",2.5,"[OG0012955]"
"CG1357956",0.938725123759231,31.3253012048193,"CG13579","56",2.5,"[OG0015066]"
"CG1399556",3.65909608584274,62.6506024096386,"CG13995","56",1.68367690488673,"[OG0180475]"
"AstA-R157",1.16236098331409,29.3333333333333,"AstA-R1","57",0.680797564634078,"[OG0000004]"
"sNPF-R57",3.60211537975692,68,"sNPF-R","57",2.5,"[OG0000004]"
"Dop2R57",54.5097989306905,97.3333333333333,"Dop2R","57",1.30071883703303,"[OG0000006]"
"CG4259457",2.32811453154944,49.3333333333333,"CG42594","57",0.927295529300939,"[OG0000072]"
"fz87",2.62603333134228,44,"fz","57",0.840240433884799,"[OG0000195]"
"mAChR-B57",2.9118265737191,50.6666666666667,"mAChR-B","57",2.5,"[OG0000499]"
"AdipoR57",1.69264067372912,45.3333333333333,"AdipoR","57",0.77502807495905,"[OG0000706]"
"CG1200457",2.39089246052194,53.3333333333333,"CG12004","57",1.0373755035595,"[OG0000897]"
"CG1527057",2.21396748745064,41.3333333333333,"CG15270","57",2.20330707871891,"[OG0000961]"
"Surf457",1.18890352508961,28,"Surf4","57",0.95269523359087,"[OG0002518]"
"tinc57",1.06452339946232,36,"tinc","57",1.36029312740803,"[OG0007458]"
"CG3363957",4.2961763469491,64,"CG33639","57",0.609524469767177,"[OG0012955]"
"CG1399557",3.06404290676322,61.3333333333333,"CG13995","57",1.22273788641128,"[OG0180475]"
"Oamb58",1.34427434284968,27.027027027027,"Oamb","58",0.822474840355398,"[OG0000006]"
"Octbeta3R58",21.3307305404765,95.9459459459459,"Octbeta3R","58",2.5,"[OG0000006]"
"CG4259458",1.75716450440455,33.7837837837838,"CG42594","58",0.507951851122696,"[OG0000072]"
"AdipoR58",1.90952026254683,32.4324324324324,"AdipoR","58",1.35713285782477,"[OG0000706]"
"CG4379558",15.6857921285373,93.2432432432432,"CG43795","58",2.5,"[OG0001683]"
"CG4415358",3.52212785081291,48.6486486486487,"CG44153","58",1.68879481661943,"[OG0009663]"
"CG3199858",1.29185423588271,28.3783783783784,"CG31998","58",0.93270176260535,"[OG0023874]"
"Dop1R159",2.92032714403435,60,"Dop1R1","59",1.05576648833392,"[OG0000006]"
"Dop1R259",8.37118323153441,94.2857142857143,"Dop1R2","59",2.5,"[OG0000006]"
"Oamb59",2.27783022563532,61.4285714285714,"Oamb","59",1.88081999984345,"[OG0000006]"
"Octbeta3R59",4.23724085497409,80,"Octbeta3R","59",0.814738443224409,"[OG0000006]"
"TyrR59",1.65406493497427,48.5714285714286,"TyrR","59",2.5,"[OG0000006]"
"Cirl59",1.50156555842673,51.4285714285714,"Cirl","59",0.626418061050684,"[OG0000027]"
"mGluR59",2.32291345162195,64.2857142857143,"mGluR","59",1.92350401715343,"[OG0000067]"
"mtt59",2.81684063370687,64.2857142857143,"mtt","59",2.5,"[OG0000067]"
"Dh44-R159",3.21615545773861,68.5714285714286,"Dh44-R1","59",2.5,"[OG0000081]"
"Pdfr59",1.54799663916782,50,"Pdfr","59",0.605974611026475,"[OG0000081]"
"GABA-B-R359",3.12294518188429,75.7142857142857,"GABA-B-R3","59",2.5,"[OG0000127]"
"Ac359",2.5398974130139,60,"Ac3","59",1.82733281250748,"[OG0000187]"
"fz89",3.72556898382285,81.4285714285714,"fz","59",1.6141591754928,"[OG0000195]"
"Nmda159",3.0612870396359,72.8571428571428,"Nmda1","59",1.17909230593213,"[OG0000462]"
"AdipoR59",1.80585406736426,57.1428571428571,"AdipoR","59",1.07889280597745,"[OG0000706]"
"Shal59",2.33931650469276,57.1428571428571,"Shal","59",1.51968448202767,"[OG0001295]"
"CG3176059",2.5013422322296,62.8571428571429,"CG31760","59",1.02550953057413,"[OG0001683]"
"stan59",0.703476071959788,30,"stan","59",2.5,"[OG0001936]"
"CG126559",0.997330872941318,38.5714285714286,"CG1265","59",1.06672620085638,"[OG0002004]"
"CG727259",3.13184569686267,65.7142857142857,"CG7272","59",2.5,"[OG0002046]"
"KdelR59",1.54910310263147,55.7142857142857,"KdelR","59",1.76137695910527,"[OG0002743]"
"SPR59",5.83769201918428,82.8571428571429,"SPR","59",2.12755963230925,"[OG0004091]"
"bwa59",0.629914505616606,30,"bwa","59",1.29381436224085,"[OG0006520]"
"CG163659",1.14774404593295,38.5714285714286,"CG1636","59",1.45354830040872,"[OG0023819]"
"DopEcR60",10.1985123900506,85.2941176470588,"DopEcR","60",0.909306900957807,"[OG0000006]"
"Oamb60",1.54983557826406,35.2941176470588,"Oamb","60",1.05551363587991,"[OG0000006]"
"Octbeta2R60",13.7677913442229,97.0588235294118,"Octbeta2R","60",1.26468700115482,"[OG0000006]"
"slo60",12.5818512661142,94.1176470588235,"slo","60",1.4567913273918,"[OG0000012]"
"Cirl60",1.43711927146303,33.8235294117647,"Cirl","60",0.506416083923758,"[OG0000027]"
"mtt60",2.73920852574619,52.9411764705882,"mtt","60",2.5,"[OG0000067]"
"AdipoR60",1.65299682052443,48.5294117647059,"AdipoR","60",0.668623979085034,"[OG0000706]"
"Shal60",2.21452844022731,50,"Shal","60",1.3458334699891,"[OG0001295]"
"CG3176060",2.54404691685282,52.9411764705882,"CG31760","60",1.05334675555838,"[OG0001683]"
"CG4379560",7.14811976319682,83.8235294117647,"CG43795","60",2.1861821206538,"[OG0001683]"
"CG126560",1.2339528030184,39.7058823529412,"CG1265","60",1.98512980314037,"[OG0002004]"
"SCAP60",1.68798668481351,39.7058823529412,"SCAP","60",2.5,"[OG0002754]"
"CG3363960",13.996015294126,91.1764705882353,"CG33639","60",2.5,"[OG0012955]"
"CG163660",1.319160474974,30.8823529411765,"CG1636","60",2.04076101369065,"[OG0023819]"
"Rh261",263.829030674381,36.7647058823529,"Rh2","61",2.5,"[OG0000158]"
"Nmda161",4.87351854583466,61.7647058823529,"Nmda1","61",2.5,"[OG0000462]"
"KdelR61",1.26281933940599,33.8235294117647,"KdelR","61",0.882171731954176,"[OG0002743]"
"SCAP61",1.25090199348054,27.9411764705882,"SCAP","61",1.20765854632789,"[OG0002754]"
"boss61",2.00423813065316,39.7058823529412,"boss","61",2.5,"[OG0017132]"
"5-HT1A62",6.91550755065535,75.4098360655738,"5-HT1A","62",1.13441910393,"[OG0000006]"
"5-HT1B62",1.38336186086248,27.8688524590164,"5-HT1B","62",1.09802286723158,"[OG0000006]"
"DopEcR62",15.6789977694914,81.9672131147541,"DopEcR","62",2.36401008040965,"[OG0000006]"
"mGluR62",2.47780327183468,42.6229508196721,"mGluR","62",2.1241097008905,"[OG0000067]"
"Dh44-R162",1.62709421814161,31.1475409836066,"Dh44-R1","62",2.5,"[OG0000081]"
"mAChR-A62",4.62759509525492,60.655737704918,"mAChR-A","62",0.727282379222178,"[OG0000499]"
"SLO262",2.19390597108998,36.0655737704918,"SLO2","62",1.53895954007532,"[OG0000661]"
"CG1399562",2.74724970336938,37.7049180327869,"CG13995","62",0.977344107559566,"[OG0180475]"
"5-HT2A63",2.2989364752842,50.8474576271186,"5-HT2A","63",1.32373010150087,"[OG0000006]"
"Oamb63",3.18435010841693,72.8813559322034,"Oamb","63",2.5,"[OG0000006]"
"slo63",11.0386011324748,96.6101694915254,"slo","63",1.08036059696219,"[OG0000012]"
"Cirl63",1.59111228140495,49.1525423728814,"Cirl","63",0.793158214888815,"[OG0000027]"
"Dh44-R263",1.3073232472616,35.5932203389831,"Dh44-R2","63",2.11349074928763,"[OG0000081]"
"Pdfr63",2.52228227755536,37.2881355932203,"Pdfr","63",1.63050515742302,"[OG0000081]"
"Trpm63",1.59817948985528,47.4576271186441,"Trpm","63",2.5,"[OG0000107]"
"GABA-B-R263",0.895422878292104,32.2033898305085,"GABA-B-R2","63",1.14516892229165,"[OG0000127]"
"GABA-B-R363",2.51391194477315,44.0677966101695,"GABA-B-R3","63",2.5,"[OG0000127]"
"fz263",7.46015231126886,77.9661016949153,"fz2","63",1.52594149914412,"[OG0000195]"
"mAChR-A63",4.51168424046818,64.4067796610169,"mAChR-A","63",0.68475732434491,"[OG0000499]"
"AdipoR63",1.63107519139839,52.5423728813559,"AdipoR","63",0.609786329898984,"[OG0000706]"
"Atet63",3.14794178604251,61.0169491525424,"Atet","63",2.5,"[OG0000777]"
"CG1200463",2.59836596237324,69.4915254237288,"CG12004","63",1.41086228313207,"[OG0000897]"
"CG126563",0.969668590841401,35.5932203389831,"CG1265","63",0.959360245724145,"[OG0002004]"
"CG727263",1.96592108716278,59.3220338983051,"CG7272","63",2.5,"[OG0002046]"
"CG628263",1.15931920146627,37.2881355932203,"CG6282","63",1.77628356265071,"[OG0003480]"
"tinc63",3.19356335142715,67.7966101694915,"tinc","63",2.5,"[OG0007458]"
"Dop2R64",64.9456284983422,94.8275862068966,"Dop2R","64",1.73804267743081,"[OG0000006]"
"mtt64",0.862568217902502,27.5862068965517,"mtt","64",0.596415790799758,"[OG0000067]"
"GABA-B-R264",0.799999485945702,32.7586206896552,"GABA-B-R2","64",0.751585414846039,"[OG0000127]"
"CG1200464",2.65261174015565,65.5172413793103,"CG12004","64",1.50851369725761,"[OG0000897]"
"CG370264",0.781508038776354,29.3103448275862,"CG3702","64",1.27087369082053,"[OG0001600]"
"Surf464",1.22089540124773,39.6551724137931,"Surf4","64",1.10244009144196,"[OG0002518]"
"KdelR64",1.21086983091167,48.2758620689655,"KdelR","64",0.722629748498546,"[OG0002743]"
"PGAP364",0.852083622466895,32.7586206896552,"PGAP3","64",2.07412956712036,"[OG0006400]"
"TkR86C65",0.62250244829106,32,"TkR86C","65",2.5,"[OG0000004]"
"Octbeta3R65",4.20321189216317,84,"Octbeta3R","65",0.802210274117434,"[OG0000006]"
"mGluR65",1.80511809632463,70,"mGluR","65",1.25288091782624,"[OG0000067]"
"CG4259465",2.28980777808763,74,"CG42594","65",0.899160501484104,"[OG0000072]"
"Ac365",1.92766417917243,70,"Ac3","65",0.853359004083663,"[OG0000187]"
"mAChR-A65",19.3640870496235,100,"mAChR-A","65",2.5,"[OG0000499]"
"mAChR-B65",3.30979504005121,76,"mAChR-B","65",2.5,"[OG0000499]"
"Atet65",1.27487542138633,50,"Atet","65",0.607910978093677,"[OG0000777]"
"Shal65",1.83568455404894,64,"Shal","65",0.818039459409151,"[OG0001295]"
"CG370265",0.76968771322012,40,"CG3702","65",1.18924184471601,"[OG0001600]"
"CG3176065",2.81350302374863,72,"CG31760","65",1.22899283132783,"[OG0001683]"
"CG126565",1.32565697667891,50,"CG1265","65",2.34106233824758,"[OG0002004]"
"CG727265",0.983156052282246,36,"CG7272","65",0.981014955312028,"[OG0002046]"
"slv65",0.398248782216484,28,"slv","65",1.04045875698721,"[OG0002046]"
"Surf465",1.28577069276052,56,"Surf4","65",1.40610284812483,"[OG0002518]"
"CG474365",0.502317737373392,32,"CG4743","65",0.971820610164023,"[OG0003496]"
"PGAP365",0.634126979582655,34,"PGAP3","65",0.949176449747377,"[OG0006400]"
"CG1357965",0.868534555078325,42,"CG13579","65",2.40146627597509,"[OG0015066]"
"CG1399565",3.20994264318956,78,"CG13995","65",1.33575447663976,"[OG0180475]"
"Nmda166",3.59553357610328,47.9166666666667,"Nmda1","66",1.85319447376251,"[OG0000462]"
"Baldspot66",15.518394624585,89.5833333333333,"Baldspot","66",2.5,"[OG0001440]"
"KdelR66",1.49160879666211,31.25,"KdelR","66",1.58480636435634,"[OG0002743]"
"bwa66",1.14650621670521,27.0833333333333,"bwa","66",2.5,"[OG0006520]"
"AstA-R167",5.51816672559335,84,"AstA-R1","67",2.5,"[OG0000004]"
"NPFR67",2.78904641724126,60,"NPFR","67",2.5,"[OG0000004]"
"Dop2R67",70.8114044211788,100,"Dop2R","67",1.9838538644436,"[OG0000006]"
"slo67",10.6041436291527,96,"slo","67",0.974387396797632,"[OG0000012]"
"Cirl67",3.06331402755456,64,"Cirl","67",2.5,"[OG0000027]"
"GABA-B-R267",1.01229572019571,36,"GABA-B-R2","67",1.62722287059999,"[OG0000127]"
"Ac367",2.47380771800025,52,"Ac3","67",1.72219374394349,"[OG0000187]"
"fz97",2.36511681195777,56,"fz","67",0.656591832867413,"[OG0000195]"
"fz267",11.6225551613076,100,"fz2","67",2.5,"[OG0000195]"
"AdipoR67",1.98890948613123,48,"AdipoR","67",1.57021352165486,"[OG0000706]"
"CG1200467",3.05817987351052,60,"CG12004","67",2.23860373127326,"[OG0000897]"
"schlank67",2.44576277065756,48,"schlank","67",2.21716261247814,"[OG0001084]"
"Shal67",2.04637841550619,44,"Shal","67",1.11157186734866,"[OG0001295]"
"KdelR67",1.28341568975642,44,"KdelR","67",0.945425123219909,"[OG0002743]"
"CG1378467",11.2960533259314,96,"CG13784","67",2.5,"[OG0003786]"
"CG4415367",6.03193147258269,80,"CG44153","67",2.5,"[OG0009663]"
"5-HT2B67",0.778510953519341,28,"5-HT2B","67",2.5,"[OG0010328]"
"CG3363967",4.75977698461871,68,"CG33639","67",0.74963300312329,"[OG0012955]"
"Gr28b67",0.961725121885615,40,"Gr28b","67",2.5,"[OG0015058]"
"CG1399567",2.90187260386753,52,"CG13995","67",1.09711781938091,"[OG0180475]"
