"","p_val","avg_log2FC","pct.1","pct.2","p_val_adj","cluster","gene"
"AAEL004583",0,1.78581518773447,0.953,0.14,0,"2","AAEL004583"
"AAEL028092",0,1.77098944581988,0.895,0.054,0,"2","AAEL028092"
"AAEL007191",0,1.71751812585638,0.822,0.083,0,"2","AAEL007191"
"AAEL012110",0,1.71593540199581,0.851,0.053,0,"2","AAEL012110"
"AAEL005950",0,1.71494390281714,0.883,0.068,0,"2","AAEL005950"
"AAEL010145",0,1.60434095668622,0.874,0.121,0,"2","AAEL010145"
"AAEL026043",0,1.48832014440065,0.792,0.112,0,"2","AAEL026043"
"AAEL027131",0,1.46558271607204,0.827,0.099,0,"2","AAEL027131"
"AAEL001299",0,1.40431849023056,0.751,0.091,0,"2","AAEL001299"
"AAEL009955",0,1.39672439191682,0.719,0.043,0,"2","AAEL009955"
"AAEL011109",0,1.24933772752923,0.594,0.03,0,"2","AAEL011109"
"AAEL018340",0,1.22513399174577,0.608,0.032,0,"2","AAEL018340"
"AAEL006487",0,1.2171131961193,0.596,0.027,0,"2","AAEL006487"
"AAEL019602",0,1.1894695665545,0.556,0.012,0,"2","AAEL019602"
"AAEL003184",0,1.1656299285682,0.55,0.024,0,"2","AAEL003184"
"AAEL004054",0,1.10613597515323,0.494,0.013,0,"2","AAEL004054"
"AAEL015458",0,1.07108298996335,0.459,0.011,0,"2","AAEL015458"
"AAEL001965",0,1.05708558409967,0.503,0.017,0,"2","AAEL001965"
"AAEL021576",4.76577838373206e-307,1.53752251376701,0.868,0.139,5.67842494421675e-303,"2","AAEL021576"
"AAEL004825",8.35552347411119e-298,1.07013609019683,0.544,0.043,9.95560621940348e-294,"2","AAEL004825"
"AAEL019708",1.10788232711255e-295,1.32556379513037,0.678,0.08,1.3200417927546e-291,"2","AAEL019708"
"AAEL019935",1.66834312713414e-291,1.24083261258065,0.667,0.073,1.98783083598033e-287,"2","AAEL019935"
"AAEL019845",6.25998164346885e-287,1.66719274337555,0.977,0.27,7.45876812819313e-283,"2","AAEL019845"
"AAEL021073",2.20164430066039e-257,1.45448091194718,0.939,0.255,2.62325918423685e-253,"2","AAEL021073"
"AAEL019694",5.67410009753318e-246,1.42391638416992,0.839,0.179,6.76069026621078e-242,"2","AAEL019694"
"AAEL019634",2.65293916346464e-237,1.24441135846097,0.626,0.086,3.16097701326812e-233,"2","AAEL019634"
"AAEL026193",4.72589508340821e-215,1.36013288423702,0.713,0.143,5.63090399188088e-211,"2","AAEL026193"
"AAEL001776",1.09136402340355e-201,1.18073243808191,0.746,0.15,1.30036023388533e-197,"2","AAEL001776"
"AAEL013279",1.20379247406195e-193,1.01267658366359,0.535,0.074,1.43431873284482e-189,"2","AAEL013279"
"AAEL005772",7.52639768946885e-188,1.02612116243367,0.459,0.052,8.96770284700213e-184,"2","AAEL005772"
"AAEL009658",4.22854160959351e-183,1.20163966841763,0.746,0.173,5.03830732783067e-179,"2","AAEL009658"
"AAEL007197",1.77609088616178e-182,1.25592507713932,0.708,0.149,2.11621229086177e-178,"2","AAEL007197"
"AAEL019426",5.15660595270493e-176,1.13278502492825,0.725,0.157,6.14409599264792e-172,"2","AAEL019426"
"AAEL002049",4.13654859913379e-174,1.15750665226503,0.693,0.153,4.9286976558679e-170,"2","AAEL002049"
"AAEL006412",3.77678937912441e-171,1.09099214883587,0.506,0.073,4.50004454522674e-167,"2","AAEL006412"
"AAEL020614",4.77898901495686e-169,1.15406718218558,0.833,0.251,5.6941654113211e-165,"2","AAEL020614"
"AAEL002253",2.01216180384587e-163,1.0193513616698,0.611,0.112,2.39749078928235e-159,"2","AAEL002253"
"AAEL019772",2.99725216525984e-160,1.1157696226808,0.749,0.204,3.5712259549071e-156,"2","AAEL019772"
"AAEL025245",2.85378167148027e-159,1.01348910828224,0.933,0.486,3.40028086156875e-155,"2","AAEL025245"
"AAEL018154",4.00337116940311e-128,1.05484127800196,0.722,0.21,4.7700167483438e-124,"2","AAEL018154"
"AAEL027150",1.63028694142646e-214,1.46857321473143,0.997,0.465,1.94248689070962e-210,"3","AAEL027150"
"AAEL010804",3.44069531076005e-157,1.12613956844732,0.921,0.401,4.0995884627706e-153,"3","AAEL010804"
"AAEL019691",1.22689882640839e-155,1.11376946972092,0.773,0.186,1.4618499516656e-151,"3","AAEL019691"
"AAEL007772",1.91088870814911e-148,1.08855822159759,0.957,0.489,2.27682389575967e-144,"3","AAEL007772"
"AAEL002684",2.22710847016362e-128,1.03741638572325,0.839,0.268,2.65359974219996e-124,"3","AAEL002684"
"AAEL019804",5.26801120234462e-212,1.2149345486102,0.766,0.14,6.27683534759362e-208,"5","AAEL019804"
"AAEL014303",2.09462972377367e-201,1.43682006731807,1,0.442,2.49575131587633e-197,"5","AAEL014303"
"AAEL020264",2.07528074814596e-142,1.05581229126903,0.708,0.172,2.47269701141591e-138,"5","AAEL020264"
"AAEL005507",1.82292647076908e-123,1.01526536483104,0.732,0.197,2.17201688992136e-119,"5","AAEL005507"
"AAEL022149",3.63194496908705e-108,1.0076286278308,0.77,0.286,4.32746243066722e-104,"5","AAEL022149"
"AAEL008827",3.83304750901791e-208,1.40577974865845,0.942,0.282,4.56707610699484e-204,"6","AAEL008827"
"AAEL0143031",4.14831557096345e-176,1.35727200277666,0.986,0.444,4.94271800280295e-172,"6","AAEL014303"
"AAEL0055071",1.42568602772707e-149,1.12196013774369,0.788,0.196,1.69870490203681e-145,"6","AAEL005507"
"AAEL0194571",1.26701336466104e-125,1.03969194912606,0.946,0.384,1.50964642399363e-121,"6","AAEL019457"
"AAEL0106811",0,1.93890333041432,0.923,0.074,0,"7","AAEL010681"
"AAEL0101021",0,1.89124356592528,0.931,0.068,0,"7","AAEL010102"
"AAEL0215761",0,1.88678625493032,0.973,0.143,0,"7","AAEL021576"
"AAEL0245401",0,1.84911975868753,0.958,0.122,0,"7","AAEL024540"
"AAEL0194261",0,1.77412340578239,0.977,0.154,0,"7","AAEL019426"
"AAEL0134581",0,1.75836587776509,0.912,0.096,0,"7","AAEL013458"
"AAEL0044961",0,1.75276734006935,0.874,0.071,0,"7","AAEL004496"
"AAEL024887",0,1.59507215224214,0.797,0.066,0,"7","AAEL024887"
"AAEL0064121",0,1.43250990829408,0.778,0.068,0,"7","AAEL006412"
"AAEL001899",0,1.3075321297235,0.651,0.04,0,"7","AAEL001899"
"AAEL008046",0,1.17742864673002,0.556,0.021,0,"7","AAEL008046"
"AAEL0271311",1.53006441888084e-298,1.50447725185858,0.862,0.106,1.82307175509653e-294,"7","AAEL027131"
"AAEL0022531",5.51638882542635e-298,1.5145089587557,0.851,0.109,6.5727772854955e-294,"7","AAEL002253"
"AAEL0112061",3.85844315323202e-285,1.41959562198662,0.778,0.092,4.59733501707595e-281,"7","AAEL011206"
"AAEL0054761",1.02343092832196e-282,1.53760558104799,0.789,0.099,1.21941795109562e-278,"7","AAEL005476"
"AAEL0071971",5.42530385646405e-269,1.72346613263495,0.893,0.148,6.46424954497691e-265,"7","AAEL007197"
"AAEL013525",8.13528970178775e-262,1.10552906862421,0.51,0.035,9.6931976796801e-258,"7","AAEL013525"
"AAEL0112481",2.11823685061441e-251,1.03932130416055,0.533,0.04,2.52387920750707e-247,"7","AAEL011248"
"AAEL0101451",1.92215016314368e-248,1.48486595763879,0.851,0.13,2.29024191938569e-244,"7","AAEL010145"
"AAEL0044791",2.79940424098554e-246,1.59034229758484,0.931,0.194,3.33549015313427e-242,"7","AAEL004479"
"AAEL0199351",1.1255630215784e-245,1.30481246060865,0.693,0.079,1.34110834021066e-241,"7","AAEL019935"
"AAEL0251301",1.43168506226499e-216,1.83120704901229,0.992,0.33,1.70585275168873e-212,"7","AAEL025130"
"AAEL0145101",2.65810907567404e-216,1.55940524692388,0.973,0.281,3.16713696366561e-212,"7","AAEL014510"
"AAEL0049301",5.21964981670786e-206,1.02672953915567,0.54,0.054,6.21921275660741e-202,"7","AAEL004930"
"AAEL0067071",8.36479768232819e-203,1.53843780324436,0.931,0.262,9.96665643849404e-199,"7","AAEL006707"
"AAEL0096581",1.02747133556073e-202,1.38382978489782,0.851,0.176,1.22423209632061e-198,"7","AAEL009658"
"AAEL0254771",4.67423405799902e-201,1.33397690258247,0.87,0.16,5.56934988010583e-197,"7","AAEL025477"
"AAEL0275141",6.73335559994265e-194,1.31566353174612,0.797,0.156,8.02279319733166e-190,"7","AAEL027514"
"AAEL0224931",5.24382802130804e-189,1.33274462896959,0.686,0.112,6.24802108738853e-185,"7","AAEL022493"
"AAEL018117",1.47825232646346e-177,1.33699336332471,0.762,0.157,1.76133764698121e-173,"7","AAEL018117"
"AAEL019987",3.99558765725029e-169,1.09931716824865,0.575,0.082,4.76074269361372e-165,"7","AAEL019987"
"AAEL007322",1.32819249360808e-163,1.06302151617734,0.582,0.086,1.58254135613403e-159,"7","AAEL007322"
"AAEL0270991",5.13354626244737e-162,1.29911775285217,0.985,0.486,6.11662037170604e-158,"7","AAEL027099"
"AAEL0012991",1.62532752335166e-157,1.08232279870035,0.636,0.102,1.93657774407351e-153,"7","AAEL001299"
"AAEL0087051",3.01239600255359e-157,1.24472876802115,0.739,0.162,3.5892698370426e-153,"7","AAEL008705"
"AAEL0045831",1.00145443920016e-154,1.14971717840297,0.77,0.156,1.193232964307e-150,"7","AAEL004583"
"AAEL0187001",3.76847094321141e-146,1.12427454228229,0.973,0.522,4.49013312883639e-142,"7","AAEL018700"
"AAEL0181543",5.11235917945027e-146,1.26689254236783,0.808,0.213,6.09137596231499e-142,"7","AAEL018154"
"AAEL023107",4.66164684922304e-142,1.01548866464227,0.981,0.618,5.55435222084925e-138,"7","AAEL023107"
"AAEL0196941",1.41426985526331e-134,1.19174295968589,0.755,0.189,1.68510253254623e-130,"7","AAEL019694"
"AAEL0197721",2.85174948752197e-112,1.06685445683758,0.732,0.211,3.39785951438242e-108,"7","AAEL019772"
"AAEL0110881",8.10272843369449e-101,1.07206955807468,0.655,0.185,9.65440092874699e-97,"7","AAEL011088"
"AAEL007120",1.87535417252413e-176,1.23697212138444,0.784,0.139,2.23448449656251e-172,"8","AAEL007120"
"AAEL014125",3.08454838175603e-150,1.07082917824249,0.604,0.09,3.67523939686231e-146,"8","AAEL014125"
"AAEL006644",5.83064198339734e-288,1.51200169314233,0.886,0.088,6.94720992321793e-284,"9","AAEL006644"
"AAEL005754",2.64139804792766e-139,1.19224996904265,0.815,0.162,3.14722577410581e-135,"9","AAEL005754"
"AAEL011013",1.84892112640518e-125,1.1283430759333,0.728,0.131,2.20298952211178e-121,"9","AAEL011013"
"AAEL0276611",3.34675873276183e-118,1.21825891250711,0.935,0.314,3.98766303008572e-114,"9","AAEL027661"
"AAEL0018151",8.14563835079507e-105,1.0691281630462,0.712,0.151,9.70552809497233e-101,"9","AAEL001815"
"AAEL0071462",2.68652848471437e-89,1.06922892248253,0.924,0.391,3.20099868953717e-85,"9","AAEL007146"
"AAEL003794",1.26009513190857e-86,1.0339087096408,0.848,0.265,1.50140334966906e-82,"9","AAEL003794"
"AAEL0182191",1.77930190480092e-178,1.7836580586004,1,0.215,2.1200382195703e-174,"10","AAEL018219"
"AAEL010856",9.22713639007865e-144,1.10214387613882,0.673,0.085,1.09941330087787e-139,"10","AAEL010856"
"AAEL0196911",6.97063000118987e-141,1.39401706821903,0.914,0.194,8.30550564641773e-137,"10","AAEL019691"
"AAEL0057541",2.80066367744017e-99,1.13792910043337,0.741,0.166,3.33699077166996e-95,"10","AAEL005754"
"AAEL0078042",4.45280628209374e-86,1.09841816245912,0.796,0.23,5.3055186851147e-82,"10","AAEL007804"
"AAEL0276612",3.17878585059844e-72,1.01899032621646,0.852,0.317,3.78752334098804e-68,"10","AAEL027661"
"AAEL0069323",1.63785228824962e-59,1.01844478889073,0.667,0.197,1.95150100144942e-55,"11","AAEL006932"
"AAEL0206142",2.17549542396396e-58,1.05115676361752,0.737,0.268,2.59210279765306e-54,"11","AAEL020614"
"AAEL009881",0,2.13272103438401,0.967,0.031,0,"12","AAEL009881"
"AAEL022731",0,2.03157846874115,0.96,0.031,0,"12","AAEL022731"
"AAEL020482",0,1.04740154599525,0.411,0.003,0,"12","AAEL020482"
"AAEL021332",7.54089916168776e-298,1.51530380018533,0.596,0.027,8.98498135115096e-294,"12","AAEL021332"
"AAEL007806",2.59295693822399e-163,1.16022489138504,0.437,0.028,3.08950819189388e-159,"12","AAEL007806"
"AAEL019818",5.93008058477716e-133,1.22794947266206,0.543,0.059,7.06569101676199e-129,"12","AAEL019818"
"AAEL008745",5.16830318230487e-122,1.0381203378228,0.404,0.033,6.15803324171625e-118,"12","AAEL008745"
"AAEL002192",4.28718909343945e-118,1.11451226687397,0.47,0.049,5.1081858048331e-114,"12","AAEL002192"
"AAEL0138821",4.63876660784682e-92,1.26747762378901,0.828,0.226,5.52709041324948e-88,"12","AAEL013882"
"AAEL027527",1.80584214504255e-74,1.06504088511259,0.934,0.599,2.1516609158182e-70,"12","AAEL027527"
"AAEL0194321",5.81869180885126e-141,1.65854201650843,0.944,0.183,6.93297129024627e-137,"13","AAEL019432"
"AAEL0017762",1.24144251145707e-75,1.13769392967913,0.754,0.168,1.4791787524011e-71,"13","AAEL001776"
"AAEL0248842",3.03773320033436e-71,1.17390261625392,0.905,0.324,3.61945910819839e-67,"13","AAEL024884"
"AAEL0213761",1.61368320916958e-70,1.13415580985705,0.754,0.193,1.92270354372555e-66,"13","AAEL021376"
"AAEL0058401",1.00708480657512e-63,1.02891780924049,0.714,0.177,1.19994154703426e-59,"13","AAEL005840"
"AAEL0275142",1.93845721692773e-61,1.00065495459997,0.706,0.169,2.30967177396939e-57,"13","AAEL027514"
"AAEL0119811",3.62372254379977e-58,1.02249065994753,0.929,0.34,4.31766541093742e-54,"13","AAEL011981"
"AAEL0093231",8.0698668027649e-256,1.53175652241941,0.847,0.056,9.61524629549438e-252,"14","AAEL009323"
"AAEL0108562",1.66970852711851e-107,1.15571417879948,0.694,0.089,1.9894577100617e-103,"14","AAEL010856"
"AAEL0110132",4.56650980563386e-89,1.24000681538785,0.766,0.137,5.44099643341274e-85,"14","AAEL011013"
"AAEL0195131",1.28647087356404e-76,1.22377439529393,1,0.531,1.53283004585156e-72,"14","AAEL019513"
"AAEL0272421",1.54845639957971e-62,1.1226286164253,0.946,0.349,1.84498580009922e-58,"14","AAEL027242"
"AAEL0052042",3.76842949246791e-58,1.07634865396389,0.919,0.329,4.49008374027552e-54,"14","AAEL005204"
"AAEL0026842",2.90585436660073e-49,1.00175134705675,0.874,0.282,3.46232547780477e-45,"14","AAEL002684"
"AAEL025165",6.56579675734011e-106,1.10261432244239,0.617,0.069,7.82314683637074e-102,"15","AAEL025165"
"AAEL026764",1.82261221838351e-72,1.04046363327933,0.617,0.1,2.17164245820395e-68,"15","AAEL026764"
"AAEL0194572",9.54270827759043e-49,1.00363860470095,0.944,0.397,1.1370136912749e-44,"15","AAEL019457"
"AAEL0005282",4.32954308423414e-39,1.01223463718537,0.701,0.24,5.15865058486498e-35,"15","AAEL000528"
"AAEL0248843",3.87590272462033e-61,1.26492103714632,0.9,0.327,4.61813809638513e-57,"16","AAEL024884"
"AAEL0018671",4.71399604337741e-43,1.03218930363457,0.91,0.392,5.61672628568418e-39,"16","AAEL001867"
"AAEL005581",1.55328352899983e-41,1.03095690602618,0.46,0.091,1.8507373248033e-37,"16","AAEL005581"
"AAEL0260431",2.10719303214332e-40,1.00141867231236,0.57,0.137,2.51072049779876e-36,"16","AAEL026043"
"AAEL0122482",3.42751099327551e-97,1.24758510267261,0.701,0.092,4.08387934848777e-93,"17","AAEL012248"
"AAEL0279261",8.14246314440999e-95,1.26765295699965,0.784,0.12,9.7017448365645e-91,"17","AAEL027926"
"AAEL0090241",6.98054900479392e-85,1.36448868388401,0.845,0.172,8.31732413921195e-81,"17","AAEL009024"
"AAEL0059781",5.8265547084437e-61,1.09141333017181,1,0.546,6.94233993511067e-57,"17","AAEL005978"
"AAEL0225392",1.08241903984304e-59,1.1733526330845,0.959,0.421,1.28970228597298e-55,"17","AAEL022539"
"AAEL0080312",9.33801425606507e-59,1.09936255285607,0.732,0.161,1.11262439861015e-54,"17","AAEL008031"
"AAEL0026843",9.94710693332386e-55,1.10867621332583,0.928,0.283,1.18519779110554e-50,"17","AAEL002684"
"AAEL0018672",1.15635568138477e-54,1.14795352357406,0.969,0.391,1.37779779436995e-50,"17","AAEL001867"
"AAEL0034071",1.07236538072678e-50,1.16011035727629,0.835,0.3,1.27772335113596e-46,"17","AAEL003407"
"AAEL0254772",8.18280968851766e-38,1.09499295133782,0.639,0.179,9.74981774386879e-34,"17","AAEL025477"
"AAEL0182192",1.39724576196453e-26,1.03466357966537,0.608,0.227,1.66481832538073e-22,"17","AAEL018219"
"AAEL0095412",1.03459559679504e-110,1.67875994713604,0.989,0.203,1.23272065358129e-106,"18","AAEL009541"
"AAEL0204991",1.94554292757139e-78,1.39124899378612,0.863,0.192,2.31811439820131e-74,"18","AAEL020499"
"AAEL0198091",2.6931718029892e-58,1.00632135342756,0.537,0.085,3.20891420326164e-54,"18","AAEL019809"
"AAEL0119812",3.66349763552094e-45,1.04280464576855,0.905,0.343,4.3650574327232e-41,"18","AAEL011981"
"AAEL005765",3.56847779196048e-279,1.82547087710638,0.968,0.06,4.25184128912091e-275,"19","AAEL005765"
"AAEL0204992",1.25215634732119e-90,1.39841218226634,0.936,0.191,1.4919442878332e-86,"19","AAEL020499"
"AAEL0027651",1.05784983590111e-87,1.333018719694,0.83,0.148,1.26042807947618e-83,"19","AAEL002765"
"AAEL006478",7.13506442076537e-66,1.2550532500878,0.777,0.167,8.50142925734194e-62,"19","AAEL006478"
"AAEL0138823",1.65375186645291e-60,1.18723794697871,0.894,0.23,1.97044534887864e-56,"19","AAEL013882"
"AAEL0059782",5.878111296628e-55,1.01781826536012,1,0.546,7.00376960993226e-51,"19","AAEL005978"
"AAEL0018673",3.55141579235794e-50,1.1072122648104,0.979,0.391,4.23151191659448e-46,"19","AAEL001867"
"AAEL0071202",1.05740448878381e-49,1.02282606728436,0.681,0.152,1.25989744838591e-45,"19","AAEL007120"
"AAEL011702",2.06290913173174e-170,1.70439405970544,0.878,0.067,2.45795623045836e-166,"20","AAEL011702"
"AAEL0043961",1.16873335606698e-53,1.36717500002106,0.932,0.302,1.39254579375381e-49,"20","AAEL004396"
"AAEL0254711",4.33865383293964e-47,1.1982012236481,0.865,0.248,5.16950604194758e-43,"20","AAEL025471"
"AAEL0012281",1.42332927842287e-46,1.07329179166294,0.568,0.095,1.69589683524085e-42,"20","AAEL001228"
"AAEL0182481",2.31433199768241e-45,1.19366736467854,0.932,0.403,2.7575265752386e-41,"20","AAEL018248"
"AAEL0011812",2.28688529907632e-43,1.13553432961023,0.986,0.428,2.72482383384943e-39,"20","AAEL001181"
"AAEL0210824",5.2087338299783e-42,1.09505782244469,0.973,0.467,6.20620635841914e-38,"20","AAEL021082"
"AAEL0100433",6.8746446727315e-36,1.0356707579303,0.811,0.266,8.19113912755958e-32,"20","AAEL010043"
"AAEL0064781",1.7628260634751e-88,1.82201319306384,0.969,0.168,2.10040725463059e-84,"21","AAEL006478"
"AAEL0197704",6.1728042254055e-42,1.25821543738504,0.969,0.456,7.35489623457066e-38,"21","AAEL019770"
"AAEL0071295",4.69427385945414e-38,1.16179554891683,0.908,0.357,5.59322730353961e-34,"21","AAEL007129"
"AAEL0206144",5.86195472098451e-32,1.08079763085299,0.831,0.273,6.98451905005304e-28,"21","AAEL020614"
"AAEL002974",3.5148462824146e-88,1.03688612516505,0.719,0.068,4.18793934549699e-84,"22","AAEL002974"
"AAEL005256",1.27554777273683e-47,1.16178580780761,0.984,0.272,1.51981517121593e-43,"22","AAEL005256"
"AAEL0217242",6.51525317939682e-39,1.39925934760134,0.703,0.177,7.76292416325131e-35,"22","AAEL021724"
"AAEL0228764",1.15421779912831e-17,1.04968281491109,0.641,0.276,1.37525050766138e-13,"22","AAEL022876"
"AAEL014972",2.8745675613415e-245,1.04238927983626,0.419,0.006,3.4250472493384e-241,"23","AAEL014972"
"AAEL024210",7.81359185994033e-120,1.18234048329886,0.5,0.023,9.3098947011189e-116,"23","AAEL024210"
"AAEL0195751",2.95349272079393e-113,1.89834259114959,0.839,0.083,3.51908657682596e-109,"23","AAEL019575"
"AAEL0023081",2.81830089414088e-104,1.37790733958513,0.645,0.047,3.35800551536886e-100,"23","AAEL002308"
"AAEL0104691",5.50683119703388e-94,1.72243241410685,0.79,0.087,6.56138937126587e-90,"23","AAEL010469"
"AAEL023958",1.77337852098596e-73,1.55009962576341,0.661,0.076,2.11298050775478e-69,"23","AAEL023958"
"AAEL0037132",3.45970270683495e-53,1.02068872979669,0.484,0.051,4.12223577519384e-49,"23","AAEL003713"
"AAEL0271312",2.26498750394292e-50,1.28676507811335,0.742,0.127,2.69873261094799e-46,"23","AAEL027131"
"AAEL011349",1.10240701079411e-42,1.23252208367148,0.5,0.071,1.31351795336118e-38,"23","AAEL011349"
"AAEL0027652",8.87305604645507e-39,1.19098300619024,0.694,0.152,1.05722462793512e-34,"23","AAEL002765"
"AAEL0181501",1.63508802836763e-38,1.65914999238997,0.645,0.144,1.94820738580003e-34,"23","AAEL018150"
"AAEL0182193",3.01264802509199e-34,1.37040076723046,0.774,0.227,3.58957012189711e-30,"23","AAEL018219"
"AAEL0048031",1.62511796601611e-28,1.01994647851476,0.435,0.076,1.93632805650819e-24,"23","AAEL004803"
"AAEL0012815",8.6119044772238e-23,1.01289649101226,0.806,0.499,1.02610841846122e-18,"23","AAEL001281"
"AAEL0072212",7.60784120168047e-131,1.28035784814502,0.712,0.038,9.06474279180228e-127,"24","AAEL007221"
"AAEL0118371",3.6690122970408e-78,1.69786140467416,0.981,0.155,4.37162815192411e-74,"24","AAEL011837"
"AAEL0122483",5.11140089589104e-72,1.365865845729,0.808,0.095,6.09023416745417e-68,"24","AAEL012248"
"AAEL0260741",1.56546718665917e-57,1.55420337742325,0.923,0.184,1.8652541529044e-53,"24","AAEL026074"
"AAEL0110135",2.2894217761446e-56,1.40546876823817,0.846,0.141,2.72784604627629e-52,"24","AAEL011013"
"AAEL0237613",6.55845835260093e-55,1.51447141539479,1,0.243,7.81440312712401e-51,"24","AAEL023761"
"AAEL0108565",5.0484046576886e-52,1.09159153170018,0.712,0.093,6.01517414963597e-48,"24","AAEL010856"
"AAEL0061142",4.34013938325119e-44,1.38128403283906,0.942,0.238,5.17127607514379e-40,"24","AAEL006114"
"AAEL0137762",1.83603043877034e-39,1.3051780373749,0.962,0.306,2.18763026779487e-35,"24","AAEL013776"
"AAEL0276616",1.45446898868756e-38,1.20954406365972,0.981,0.324,1.73299980002123e-34,"24","AAEL027661"
"AAEL0034072",5.18063274901387e-38,1.25488509239656,0.942,0.302,6.17272392045002e-34,"24","AAEL003407"
"AAEL0052561",1.17096985454387e-34,1.17654706676275,0.904,0.274,1.39521058168902e-30,"24","AAEL005256"
"AAEL0195086",8.0297521801736e-34,1.19623753688079,0.923,0.349,9.56744972267685e-30,"24","AAEL019508"
"AAEL0026845",1.67753287843791e-30,1.10889432284964,0.923,0.287,1.99878042465878e-26,"24","AAEL002684"
"AAEL0022203",1.31504885013655e-27,1.06120797839727,0.904,0.356,1.5668807049377e-23,"24","AAEL002220"
"AAEL0037947",1.63096139028879e-26,1.01168186887365,0.865,0.276,1.94329049652909e-22,"24","AAEL003794"
"AAEL0254187",9.41302413304266e-26,1.02026715280347,0.904,0.358,1.12156182545203e-21,"24","AAEL025418"
"AAEL0049303",9.10660766982581e-68,1.20565179925408,0.717,0.067,1.08505230385974e-63,"25","AAEL004930"
"AAEL0090242",1.6897978114166e-60,1.62046636883987,0.978,0.176,2.01339409230288e-56,"25","AAEL009024"
"AAEL0061143",1.06340625071694e-52,1.78426613265311,1,0.238,1.26704854772924e-48,"25","AAEL006114"
"AAEL0122484",4.70991014316682e-51,1.19123421153609,0.739,0.096,5.61185793558326e-47,"25","AAEL012248"
"AAEL0275204",7.27666784959463e-46,1.06090981338922,0.717,0.098,8.670149742792e-42,"25","AAEL027520"
"AAEL0034073",4.94076665435439e-42,1.51245112034729,0.978,0.303,5.88692346866326e-38,"25","AAEL003407"
"AAEL0059772",1.01331075880108e-41,1.2467953111953,0.87,0.186,1.20735976911148e-37,"25","AAEL005977"
"AAEL0110136",3.69092819717128e-33,1.16136033895435,0.717,0.142,4.39774094692958e-29,"25","AAEL011013"
"AAEL0056191",1.73327879860145e-32,1.1645146167967,0.978,0.407,2.06520168853363e-28,"25","AAEL005619"
"AAEL0260433",1.7678144580328e-32,1.05856996883809,0.739,0.139,2.10635092674608e-28,"25","AAEL026043"
"AAEL0052562",5.45038875187244e-32,1.1625357263764,0.913,0.275,6.49413819785602e-28,"25","AAEL005256"
"AAEL0005953",7.04067924547681e-32,1.18435905249974,0.848,0.217,8.38896932098563e-28,"25","AAEL000595"
"AAEL0098413",1.12392704239378e-31,1.09218965689041,1,0.51,1.33915907101219e-27,"25","AAEL009841"
"AAEL020615",1.18307861077595e-31,1.08534695728776,0.826,0.2,1.40963816473954e-27,"25","AAEL020615"
"AAEL0277906",1.56929592311012e-31,1.21726377719098,0.978,0.379,1.8698160923857e-27,"25","AAEL027790"
"AAEL0243903",3.39810953297972e-31,1.03117448566076,1,0.634,4.04884750854533e-27,"25","AAEL024390"
"AAEL0037948",2.7945720446016e-28,1.11574606357438,0.913,0.276,3.3297325911428e-24,"25","AAEL003794"
"AAEL0103953",5.53184143634864e-28,1.06473151581529,0.761,0.189,6.5911890714094e-24,"25","AAEL010395"
"AAEL0197942",4.58145561954536e-27,1.06301290550353,0.717,0.178,5.45880437068829e-23,"25","AAEL019794"
"AAEL0195087",7.66484018196174e-26,1.0447185629517,0.913,0.349,9.13265707680742e-22,"25","AAEL019508"
"AAEL0017346",3.32870463956492e-23,1.0431087204117,0.891,0.374,3.9661515780416e-19,"25","AAEL001734"
"AAEL0122485",9.64602657120645e-66,1.55887067725984,0.833,0.096,1.14932406595925e-61,"26","AAEL012248"
"AAEL0072052",1.3276656721133e-60,1.16217180270791,0.571,0.044,1.581913648323e-56,"26","AAEL007205"
"AAEL0061144",2.33504620024587e-47,1.74104072944071,1,0.239,2.78220754759295e-43,"26","AAEL006114"
"AAEL0253802",4.72564636242804e-45,1.35343337476418,0.762,0.112,5.63060764083301e-41,"26","AAEL025380"
"AAEL0137764",8.9830933358126e-42,1.83902340685944,1,0.306,1.07033557096207e-37,"26","AAEL013776"
"AAEL0097454",3.92118183122036e-38,1.62336541965795,1,0.328,4.67208815189905e-34,"26","AAEL009745"
"AAEL0265605",4.07474229637334e-31,1.39767326795851,0.976,0.386,4.85505544612883e-27,"26","AAEL026560"
"AAEL0239853",2.36594835134236e-30,1.22067963626951,1,0.58,2.81902746062443e-26,"26","AAEL023985"
"AAEL0135054",4.88177664291275e-26,1.16222459957226,0.952,0.44,5.81663687003054e-22,"26","AAEL013505"
"AAEL0059785",6.74578551397238e-26,1.08336481970147,0.976,0.55,8.03760343989809e-22,"26","AAEL005978"
"AAEL0194332",1.9082710427283e-25,1.13956194678718,0.905,0.347,2.27370494741077e-21,"26","AAEL019433"
"AAEL0279264",6.66637773321802e-23,1.0265183817334,0.595,0.126,7.94298906912928e-19,"26","AAEL027926"
"AAEL0026846",5.39834003143054e-20,1.02059752084137,0.857,0.288,6.43212214744949e-16,"26","AAEL002684"
"AAEL0214331",3.87574922200297e-19,1.02675270614182,0.667,0.188,4.61795519801653e-15,"26","AAEL021433"
"AAEL0043963",8.88507600625537e-17,1.08641366821225,0.738,0.306,1.05865680614533e-12,"26","AAEL004396"
"AAEL0083564",1.12646304404878e-38,1.2906830135519,0.952,0.239,1.34218071698412e-34,"27","AAEL008356"
"AAEL0034074",2.91112330554271e-37,1.42665580366541,0.976,0.303,3.46860341855413e-33,"27","AAEL003407"
"AAEL0197706",3.55107645612726e-32,1.37414238649357,1,0.458,4.23110759747563e-28,"27","AAEL019770"
"AAEL0050148",1.82875628944627e-29,1.1095030862162,1,0.609,2.17896311887523e-25,"27","AAEL005014"
"AAEL0208553",2.96090639300597e-28,1.0872638882651,0.976,0.529,3.52791996726662e-24,"27","AAEL020855"
"AAEL0027545",2.39704499632135e-26,1.11932502559489,0.905,0.349,2.85607911311689e-22,"27","AAEL002754"
"AAEL0052046",3.31284835157983e-24,1.11173775107446,0.905,0.335,3.94725881090736e-20,"27","AAEL005204"
"AAEL0059773",3.52992506908529e-24,1.01624923981034,0.738,0.187,4.20590571981513e-20,"27","AAEL005977"
"AAEL0043053",3.91601568696382e-22,1.03397976966443,0.881,0.35,4.66593269101739e-18,"27","AAEL004305"
"AAEL0181465",4.58053413501752e-22,1.02401810850085,0.905,0.36,5.45770642187338e-18,"27","AAEL018146"
"AAEL003966",7.72320685433757e-297,1.59712742434045,0.725,0.012,9.20220096694321e-293,"28","AAEL003966"
"AAEL001423",1.51540756944505e-105,1.09533300487062,0.45,0.014,1.80560811899377e-101,"28","AAEL001423"
"AAEL006526",1.62933933580762e-93,1.43878600998536,0.6,0.03,1.94135781861478e-89,"28","AAEL006526"
"AAEL0048251",3.03473703837828e-75,1.60618163731623,0.75,0.063,3.61588918122772e-71,"28","AAEL004825"
"AAEL0121101",2.09689707150228e-52,1.4551190689333,0.75,0.086,2.49845286069497e-48,"28","AAEL012110"
"AAEL0196021",2.00521388395475e-50,1.10144177122198,0.475,0.035,2.38921234273209e-46,"28","AAEL019602"
"AAEL008370",1.19507178977122e-48,1.14349528310486,0.475,0.037,1.4239280375124e-44,"28","AAEL008370"
"AAEL0023082",1.84969410400798e-48,1.23044410079621,0.55,0.05,2.20391052492551e-44,"28","AAEL002308"
"AAEL0098691",7.28064858505145e-47,1.25257841103577,0.575,0.058,8.6748927890888e-43,"28","AAEL009869"
"AAEL0048032",1.37908076260197e-41,1.24351007518511,0.625,0.076,1.64317472864024e-37,"28","AAEL004803"
"AAEL0059501",3.2995092070069e-39,1.37985518087001,0.7,0.102,3.93136522014872e-35,"28","AAEL005950"
"AAEL0012992",4.01665407853533e-37,1.36794898945343,0.725,0.118,4.78584333457484e-33,"28","AAEL001299"
"AAEL0196943",7.59183925953498e-37,1.4867316416397,0.9,0.205,9.04567647773593e-33,"28","AAEL019694"
"AAEL0045833",3.64241539742585e-36,1.46603851002846,0.85,0.174,4.3399379460329e-32,"28","AAEL004583"
"AAEL0058491",3.17850895723014e-30,1.1722112718223,0.575,0.09,3.78719342253971e-26,"28","AAEL005849"
"AAEL0236941",1.24444505956764e-29,1.3455044204038,0.875,0.268,1.48275628847484e-25,"28","AAEL023694"
"AAEL0271313",1.77886864282356e-29,1.26056356149148,0.7,0.129,2.11952198792428e-25,"28","AAEL027131"
"AAEL0033783",4.51283714926639e-28,1.31453488533632,0.925,0.35,5.37704546335091e-24,"28","AAEL003378"
"AAEL0196341",1.0678345136843e-26,1.1813828688303,0.6,0.109,1.27232482305484e-22,"28","AAEL019634"
"AAEL0198452",6.06383682522213e-25,1.34749144755042,0.875,0.3,7.22506157725216e-21,"28","AAEL019845"
"AAEL0194262",9.02454549444721e-23,1.16309599795586,0.725,0.18,1.07527459566339e-18,"28","AAEL019426"
"AAEL0260435",1.32053696226162e-21,1.12579440205515,0.625,0.14,1.57341979053472e-17,"28","AAEL026043"
"AAEL0101453",7.76537170464983e-20,1.05392973172496,0.65,0.153,9.25244038609028e-16,"28","AAEL010145"
"AAEL0010461",5.1204498738671e-19,1.08242450779181,0.525,0.118,6.10101602471265e-15,"28","AAEL001046"
"AAEL0076513",1.0811113522251e-18,1.11211061179267,0.7,0.242,1.28814417617621e-14,"28","AAEL007651"
"AAEL0245402",6.24739292374191e-18,1.05668012465361,0.6,0.149,7.44376866863848e-14,"28","AAEL024540"
"AAEL0196724",1.17597910026457e-17,1.05008974719248,0.6,0.159,1.40117909796524e-13,"28","AAEL019672"
"AAEL0071972",9.17343464127263e-17,1.06329634349866,0.625,0.172,1.09301473750763e-12,"28","AAEL007197"
"AAEL0197723",1.22134617322666e-16,1.04906832380028,0.675,0.227,1.45523396539956e-12,"28","AAEL019772"
"AAEL0195891",1.44130893515072e-15,1.01422246898575,0.7,0.295,1.71731959623208e-11,"28","AAEL019589"
"AAEL0020493",1.28845024007624e-13,1.04501805620253,0.55,0.176,1.53518846105084e-09,"28","AAEL002049"
"AAEL011275",0,1.67522355943145,0.889,0.006,0,"29","AAEL011275"
"AAEL010766",4.71558528634252e-160,1.09431025526039,0.5,0.01,5.61861986867711e-156,"29","AAEL010766"
"AAEL007542",1.69894530443087e-143,2.29149623077221,0.944,0.047,2.02429333022939e-139,"29","AAEL007542"
"AAEL0016411",9.1290456090627e-133,1.54037075341708,0.806,0.034,1.08772578431982e-128,"29","AAEL001641"
"AAEL0018991",2.48638305891499e-104,1.87408614353893,0.889,0.058,2.96252541469721e-100,"29","AAEL001899"
"AAEL0182401",2.78893527605508e-103,1.93095038722546,0.972,0.073,3.32301638141963e-99,"29","AAEL018240"
"AAEL0081412",1.71033937834522e-102,1.50109458967396,0.833,0.049,2.03786936929833e-98,"29","AAEL008141"
"AAEL0057931",2.39823077592677e-87,2.29827320091928,1,0.096,2.85749196951674e-83,"29","AAEL005793"
"AAEL027023",1.69444056237293e-83,1.11102339793843,0.5,0.021,2.01892593006734e-79,"29","AAEL027023"
"AAEL0106813",1.73504671606522e-77,1.81871902127694,1,0.099,2.06730816219171e-73,"29","AAEL010681"
"AAEL0269282",1.04614961685414e-72,1.36359595551973,0.75,0.057,1.2464872684817e-68,"29","AAEL026928"
"AAEL003550",6.75669629979248e-72,1.16716079319239,0.528,0.027,8.05060364120274e-68,"29","AAEL003550"
"AAEL024793",1.41771765127544e-61,1.05377528363396,0.528,0.032,1.68921058149468e-57,"29","AAEL024793"
"AAEL0181391",2.38730069008628e-61,1.56180096516047,0.806,0.082,2.8444687722378e-57,"29","AAEL018139"
"AAEL0267642",2.9793040474927e-60,1.54980119217141,0.889,0.104,3.54984077258756e-56,"29","AAEL026764"
"AAEL0245403",1.21177104071402e-59,1.97125146715519,1,0.148,1.44382519501076e-55,"29","AAEL024540"
"AAEL0054765",1.96489339393143e-56,1.6692304733183,0.917,0.12,2.3411704788693e-52,"29","AAEL005476"
"AAEL0037134",2.17088117075492e-56,1.27663193604888,0.639,0.051,2.58660491495449e-52,"29","AAEL003713"
"AAEL0233483",2.24271805865705e-55,1.52441920524739,0.889,0.113,2.67219856688987e-51,"29","AAEL023348"
"AAEL0101022",4.3860789853088e-53,1.48414426703536,0.833,0.094,5.22601311099544e-49,"29","AAEL010102"
"AAEL014216",4.51143502484592e-53,1.18265277713965,0.611,0.052,5.37537483210392e-49,"29","AAEL014216"
"AAEL0022534",1.31293264445793e-50,1.57091893859294,0.917,0.131,1.56435924587162e-46,"29","AAEL002253"
"AAEL003211",8.8373301813211e-49,1.02875768677934,0.5,0.037,1.05296789110441e-44,"29","AAEL003211"
"AAEL0194263",3.77693557115259e-48,1.70177995045416,1,0.179,4.50021873302831e-44,"29","AAEL019426"
"AAEL022162",8.34435426949512e-48,1.6224288050719,0.889,0.138,9.94229811210344e-44,"29","AAEL022162"
"AAEL0064123",3.96972872244969e-45,1.37789425376015,0.75,0.09,4.72993177279881e-41,"29","AAEL006412"
"AAEL0135251",1.4085568500781e-44,1.18354433804981,0.556,0.05,1.67829548686806e-40,"29","AAEL013525"
"AAEL0033224",3.11688327626731e-42,1.87504310429558,0.944,0.204,3.7137664236725e-38,"29","AAEL003322"
"AAEL0073221",3.85432910707176e-42,1.30946769957373,0.75,0.1,4.592433131076e-38,"29","AAEL007322"
"AAEL0271314",1.7359774438195e-41,1.42238271591027,0.861,0.129,2.06841712431093e-37,"29","AAEL027131"
"AAEL0169722",1.14409826177722e-37,1.30253281863804,0.75,0.114,1.36319307890756e-33,"29","AAEL016972"
"AAEL0244971",2.23581713739066e-36,1.4627694940337,0.833,0.163,2.66397611920097e-32,"29","AAEL024497"
"AAEL0140222",4.79188748195082e-36,1.03550020565877,0.583,0.066,5.7095339347444e-32,"29","AAEL014022"
"AAEL0145103",2.46212200259633e-35,1.6475601824039,1,0.302,2.93361836609352e-31,"29","AAEL014510"
"AAEL0199871",1.17646259387965e-33,1.18183577151023,0.667,0.097,1.40175518060761e-29,"29","AAEL019987"
"AAEL0199353",3.16714132919147e-31,1.16731758064945,0.667,0.098,3.77364889373163e-27,"29","AAEL019935"
"AAEL012925",1.25709485368066e-29,1.47406943618006,1,0.447,1.49782851816051e-25,"29","AAEL012925"
"AAEL0243323",2.66846484514167e-28,1.32889805245059,0.889,0.256,3.1794758629863e-24,"29","AAEL024332"
"AAEL0072401",4.32831497945433e-28,1.37927777737207,0.972,0.39,5.15718729801983e-24,"29","AAEL007240"
"AAEL0264373",4.99917188570935e-27,1.02669493349235,0.639,0.105,5.95651330182269e-23,"29","AAEL026437"
"AAEL0196193",1.50052690255327e-25,1.17494121955857,0.778,0.187,1.78787780439222e-21,"29","AAEL019619"
"AAEL0047311",1.70127618909802e-25,1.14651526610199,0.944,0.323,2.0270705793103e-21,"29","AAEL004731"
"AAEL0275972",7.12330211623011e-25,1.19223119657006,0.917,0.312,8.48741447148817e-21,"29","AAEL027597"
"AAEL0134582",2.68585193655266e-24,1.31425825312071,0.639,0.122,3.20019258240249e-20,"29","AAEL013458"
"AAEL0017765",5.83815642868716e-24,1.20845151062043,0.75,0.175,6.95616338478075e-20,"29","AAEL001776"
"AAEL0196725",6.4571041088629e-24,1.04365569226873,0.75,0.159,7.69363954571015e-20,"29","AAEL019672"
"AAEL0231073",1.04346861578464e-23,1.01088779347746,1,0.629,1.2432928557074e-19,"29","AAEL023107"
"AAEL0187003",1.33454010137215e-23,1.19309809270231,0.972,0.536,1.59010453078491e-19,"29","AAEL018700"
"AAEL0215544",1.42226464453184e-23,1.11433588235835,0.972,0.444,1.69462832395969e-19,"29","AAEL021554"
"AAEL0069223",3.45476759945232e-22,1.06858827121809,0.667,0.143,4.11635559474744e-18,"29","AAEL006922"
"AAEL0197724",1.3203058627501e-21,1.07913087802238,0.833,0.226,1.57314443546674e-17,"29","AAEL019772"
"AAEL0108816",8.30593569012327e-20,1.0830774023504,0.889,0.361,9.89652237478188e-16,"29","AAEL010881"
"AAEL0057262",2.81589782525093e-19,1.05311416809807,0.833,0.303,3.35514225878648e-15,"29","AAEL005726"
"AAEL0146364",2.86108396663903e-19,1.1126202356652,0.861,0.384,3.4089815462504e-15,"29","AAEL014636"
"AAEL0014926",4.92792685188791e-19,1.13887269707643,0.778,0.26,5.87162484402445e-15,"29","AAEL001492"
"AAEL0246022",7.30611626269912e-19,1.04743523482408,0.694,0.185,8.70523752700601e-15,"29","AAEL024602"
"AAEL0050443",5.12383114836995e-18,1.02563346720493,0.722,0.219,6.1050448132828e-14,"29","AAEL005044"
"AAEL0110888",1.61015619508198e-17,1.0595632589989,0.694,0.199,1.91850110644018e-13,"29","AAEL011088"
"AAEL0210825",2.50917058503581e-17,1.00055499762702,0.944,0.47,2.98967675207017e-13,"29","AAEL021082"
"AAEL0067762",4.57478348582562e-17,1.01399954526219,0.833,0.365,5.45085452336122e-13,"29","AAEL006776"
"AAEL0194323",1.22405845446847e-16,1.13915430861453,0.667,0.194,1.45846564849919e-12,"29","AAEL019432"
"AAEL0198453",3.37499844621094e-16,1.01240091065238,0.806,0.3,4.02131064866033e-12,"29","AAEL019845"
"AAEL0147652",8.27035535488474e-12,1.29548204359655,0.5,0.156,9.85412840534517e-08,"29","AAEL014765"
"AAEL007493",1.54905859746529e-103,2.39785187246391,1,0.072,1.84570331887989e-99,"30","AAEL007493"
"AAEL001344",3.85276178134712e-97,1.31488335152192,0.697,0.032,4.59056566247509e-93,"30","AAEL001344"
"AAEL0066021",5.21676546810525e-72,1.80065628155517,0.727,0.051,6.2157760552474e-68,"30","AAEL006602"
"AAEL000630",3.00823531934408e-66,1.07449105811792,0.424,0.017,3.58431238299847e-62,"30","AAEL000630"
"AAEL001754",8.4051878815128e-34,1.46214702219285,0.455,0.041,1.00147813608225e-29,"30","AAEL001754"
"AAEL0224024",5.13238355295718e-32,1.38197700778414,0.909,0.207,6.11523500334847e-28,"30","AAEL022402"
"AAEL0090243",9.62925931444658e-31,1.45677511659841,0.848,0.178,1.14732624731631e-26,"30","AAEL009024"
"AAEL0182083",2.6255323887246e-28,1.00266076692755,0.697,0.107,3.12832184116536e-24,"30","AAEL018208"
"AAEL0169971",3.31417591201503e-22,1.02977012813829,0.636,0.121,3.94884059916591e-18,"30","AAEL016997"
"AAEL0116435",1.73614805337821e-21,1.10136605595345,0.879,0.234,2.06862040560014e-17,"30","AAEL011643"
"AAEL0128874",9.36818829091471e-20,1.08386100838836,1,0.52,1.11621963486249e-15,"30","AAEL012887"
"AAEL020452",0,2.58445133112101,1,0.005,0,"31","AAEL020452"
"AAEL019525",0,2.03630638741526,0.944,0.006,0,"31","AAEL019525"
"AAEL026217",0,1.62613847608739,0.667,0.001,0,"31","AAEL026217"
"AAEL002417",1.79358741114241e-213,1.11621320764929,0.444,0.003,2.13705940037618e-209,"31","AAEL002417"
"AAEL019618",7.28608767090314e-202,2.36008667892652,1,0.018,8.68137345988109e-198,"31","AAEL019618"
"AAEL002565",2.52146163379838e-183,1.98469171057099,0.889,0.015,3.00432153667077e-179,"31","AAEL002565"
"AAEL010205",6.39733231471536e-111,1.15245552974307,0.444,0.006,7.62242145298335e-107,"31","AAEL010205"
"AAEL010850",2.76776125906037e-77,1.21037745405009,0.444,0.009,3.29778754017043e-73,"31","AAEL010850"
"AAEL019799",2.10737555011276e-75,1.70701474463658,0.778,0.031,2.51093796795936e-71,"31","AAEL019799"
"AAEL0226091",5.65440879785336e-58,1.77217517201324,0.833,0.048,6.73722808264228e-54,"31","AAEL022609"
"AAEL024598",1.30872983785304e-46,1.43584204206715,0.611,0.031,1.5593516018019e-42,"31","AAEL024598"
"AAEL004972",2.29100174418972e-44,1.36807743870154,0.556,0.026,2.72972857820206e-40,"31","AAEL004972"
"AAEL010147",7.31633934181306e-32,1.13957402503908,0.444,0.024,8.71741832577026e-28,"31","AAEL010147"
"AAEL019812",1.1416031975253e-29,1.16436667791744,0.444,0.025,1.36022020985139e-25,"31","AAEL019812"
"AAEL024583",1.72932413671899e-25,1.03072431784189,0.444,0.03,2.06048970890068e-21,"31","AAEL024583"
"AAEL025514",2.07532856794859e-25,1.27615257029422,0.556,0.047,2.47275398871074e-21,"31","AAEL025514"
"AAEL007407",9.12532235629517e-22,1.3194283005462,0.611,0.068,1.08728215875257e-17,"31","AAEL007407"
"AAEL009466",1.96358489456467e-17,1.26433461182586,0.5,0.057,2.3396114018738e-13,"31","AAEL009466"
"AAEL019451",2.91236090914798e-17,1.42755598055622,0.778,0.151,3.47007802324982e-13,"31","AAEL019451"
"AAEL011191",2.19261369104841e-15,1.15132114459723,0.556,0.08,2.61249921288418e-11,"31","AAEL011191"
"AAEL0091121",2.53124734114283e-13,1.34905046753018,0.667,0.14,3.01598120697168e-09,"31","AAEL009112"
"AAEL0197202",3.28641870038647e-12,1.2419200812266,0.944,0.454,3.91576788151048e-08,"31","AAEL019720"
"AAEL007632",4.36955680242391e-11,1.01380446327296,0.5,0.087,5.20632693008809e-07,"31","AAEL007632"
"AAEL0091146",1.17489080963189e-10,1.09993225874196,0.944,0.419,1.39988239967639e-06,"31","AAEL009114"
"AAEL0065822",1.08426619466936e-09,1.11682514402427,0.722,0.251,1.29190317094854e-05,"31","AAEL006582"
"AAEL0125135",6.21224866307632e-08,1.00542170820449,0.778,0.394,0.000740189428205543,"31","AAEL012513"
"AAEL0096305",1.16347674824596e-06,1.00552281993621,0.833,0.651,0.0138628254553507,"31","AAEL009630"
